Workbook

Sheet 0213
A1: 기획전시 판매현황 | H1: 팀 장
H3: 46066
A4: 1 | B4: 전시명 : | C4: 창작스튜디오 7기 입주작가 프리뷰 | F4: 전시일: | G4: 2026. 2. 13(금) ~ 3. 15(일)
H5: 목표 매출액: | I5: 2080000
B6: 판매현황 | C6: 구분 | D6: 판매매수 | E6: 금액 | F6: 점유율
C7: 유료 | D7: 35 | E7: 70000 | F7: =G10/I5 -> 0.033653846
C8: 무료 | D8: 4
F9: 누계 총인원 | G9: 누계 총 금액 | H9: 누계 무료인원 | I9: 누계 유료인원
C10: 합계 | D10: =SUM(D7:D9) -> 39 | E10: =SUM(E7:E9) -> 70000 | F10: =D10 -> 39 | G10: =E10 -> 70000 | H10: =D8 -> 4 | I10: =D7 -> 35
B11: 비고 | C11: 단체 명 무료 명

Sheet 0214
A1: 기획전시 판매현황 | H1: 팀 장
H3: 46067
A4: 1 | B4: 전시명 : | C4: 창작스튜디오 7기 입주작가 프리뷰 | F4: 전시일: | G4: 2026. 2. 13(금) ~ 3. 15(일)
H5: 목표 매출액: | I5: 2080000
B6: 판매현황 | C6: 구분 | D6: 판매매수 | E6: 금액 | F6: 점유율
C7: 유료 | D7: 50 | E7: 100000 | F7: =G10/I5 -> 0.081730769
C8: 무료 | D8: 0
F9: 누계 총인원 | G9: 누계 총 금액 | H9: 누계 무료인원 | I9: 누계 유료인원
C10: 합계 | D10: =SUM(D7:D9) -> 50 | E10: =SUM(E7:E9) -> 100000 | F10: ='0213'!F10+'0214'!D10 -> 89 | G10: ='0213'!G10+'0214'!E10 -> 170000 | H10: ='0213'!H10+'0214'!D8 -> 4 | I10: ='0213'!I10+'0214'!D7 -> 85
B11: 비고 | C11: 단체 명 무료 명

Sheet 0215
A1: 기획전시 판매현황 | H1: 팀 장
H3: 46068
A4: 1 | B4: 전시명 : | C4: 창작스튜디오 7기 입주작가 프리뷰 | F4: 전시일: | G4: 2026. 2. 13(금) ~ 3. 15(일)
H5: 목표 매출액: | I5: 2080000
B6: 판매현황 | C6: 구분 | D6: 판매매수 | E6: 금액 | F6: 점유율
C7: 유료 | D7: 73 | E7: 146000 | F7: =G10/I5 -> 0.15192308
C8: 무료 | D8: 3
F9: 누계 총인원 | G9: 누계 총 금액 | H9: 누계 무료인원 | I9: 누계 유료인원
C10: 합계 | D10: =SUM(D7:D9) -> 76 | E10: =SUM(E7:E9) -> 146000 | F10: ='0214'!F10+'0215'!D10 -> 165 | G10: ='0214'!G10+'0215'!E10 -> 316000 | H10: ='0214'!H10+'0215'!D8 -> 7 | I10: ='0214'!I10+'0215'!D7 -> 158
B11: 비고 | C11: 단체 명 무료 3명

Sheet 0218
A1: 기획전시 판매현황 | H1: 팀 장
H3: 46071
A4: 1 | B4: 전시명 : | C4: 창작스튜디오 7기 입주작가 프리뷰 | F4: 전시일: | G4: 2026. 2. 13(금) ~ 3. 15(일)
H5: 목표 매출액: | I5: 2080000
B6: 판매현황 | C6: 구분 | D6: 판매매수 | E6: 금액 | F6: 점유율
C7: 유료 | D7: 47 | E7: 94000 | F7: =G10/I5 -> 0.19711538
C8: 무료 | D8: 3
F9: 누계 총인원 | G9: 누계 총 금액 | H9: 누계 무료인원 | I9: 누계 유료인원
C10: 합계 | D10: =SUM(D7:D9) -> 50 | E10: =SUM(E7:E9) -> 94000 | F10: ='0215'!F10+'0218'!D10 -> 215 | G10: ='0215'!G10+'0218'!E10 -> 410000 | H10: ='0215'!H10+'0218'!D8 -> 10 | I10: ='0215'!I10+'0218'!D7 -> 205
B11: 비고 | C11: 단체 명 무료 3명

Sheet 0219
A1: 기획전시 판매현황 | H1: 팀 장
H3: 46072
A4: 1 | B4: 전시명 : | C4: 창작스튜디오 7기 입주작가 프리뷰 | F4: 전시일: | G4: 2026. 2. 13(금) ~ 3. 15(일)
H5: 목표 매출액: | I5: 2080000
B6: 판매현황 | C6: 구분 | D6: 판매매수 | E6: 금액 | F6: 점유율
C7: 유료 | D7: 26 | E7: 52000 | F7: =G10/I5 -> 0.22211538
C8: 무료
F9: 누계 총인원 | G9: 누계 총 금액 | H9: 누계 무료인원 | I9: 누계 유료인원
C10: 합계 | D10: =SUM(D7:D9) -> 26 | E10: =SUM(E7:E9) -> 52000 | F10: ='0218'!F10+'0219'!D10 -> 241 | G10: ='0218'!G10+'0219'!E10 -> 462000 | H10: ='0218'!H10+'0219'!D8 -> 10 | I10: ='0218'!I10+'0219'!D7 -> 231
B11: 비고 | C11: 단체 명 무료 명

Sheet 0220
A1: 기획전시 판매현황 | H1: 팀 장
H3: 46073
A4: 1 | B4: 전시명 : | C4: 창작스튜디오 7기 입주작가 프리뷰 | F4: 전시일: | G4: 2026. 2. 13(금) ~ 3. 15(일)
H5: 목표 매출액: | I5: 2080000
B6: 판매현황 | C6: 구분 | D6: 판매매수 | E6: 금액 | F6: 점유율
C7: 유료 | D7: 25 | E7: 50000 | F7: =G10/I5 -> 0.24615385
C8: 무료 | D8: 0
F9: 누계 총인원 | G9: 누계 총 금액 | H9: 누계 무료인원 | I9: 누계 유료인원
C10: 합계 | D10: =SUM(D7:D9) -> 25 | E10: =SUM(E7:E9) -> 50000 | F10: ='0219'!F10+'0220'!D10 -> 266 | G10: ='0219'!G10+'0220'!E10 -> 512000 | H10: ='0219'!H10+'0220'!D8 -> 10 | I10: ='0219'!I10+'0220'!D7 -> 256
B11: 비고 | C11: 단체 명 무료 명

Sheet 0221
A1: 기획전시 판매현황 | H1: 팀 장
H3: 46074
A4: 1 | B4: 전시명 : | C4: 창작스튜디오 7기 입주작가 프리뷰 | F4: 전시일: | G4: 2026. 2. 13(금) ~ 3. 15(일)
H5: 목표 매출액: | I5: 2080000
B6: 판매현황 | C6: 구분 | D6: 판매매수 | E6: 금액 | F6: 점유율
C7: 유료 | D7: 34 | E7: 68000 | F7: =G10/I5 -> 0.27884615
C8: 무료
F9: 누계 총인원 | G9: 누계 총 금액 | H9: 누계 무료인원 | I9: 누계 유료인원
C10: 합계 | D10: =SUM(D7:D9) -> 34 | E10: =SUM(E7:E9) -> 68000 | F10: ='0220'!F10+'0221'!D10 -> 300 | G10: ='0220'!G10+'0221'!E10 -> 580000 | H10: ='0220'!H10+'0221'!D8 -> 10 | I10: ='0220'!I10+'0221'!D7 -> 290
B11: 비고 | C11: 단체 명 무료 명

Sheet 0222
A1: 기획전시 판매현황 | H1: 팀 장
H3: 46075
A4: 1 | B4: 전시명 : | C4: 창작스튜디오 7기 입주작가 프리뷰 | F4: 전시일: | G4: 2026. 2. 13(금) ~ 3. 15(일)
H5: 목표 매출액: | I5: 2080000
B6: 판매현황 | C6: 구분 | D6: 판매매수 | E6: 금액 | F6: 점유율
C7: 유료 | D7: 24 | E7: 48000 | F7: =G10/I5 -> 0.30192308
C8: 무료
F9: 누계 총인원 | G9: 누계 총 금액 | H9: 누계 무료인원 | I9: 누계 유료인원
C10: 합계 | D10: =SUM(D7:D9) -> 24 | E10: =SUM(E7:E9) -> 48000 | F10: ='0221'!F10+'0222'!D10 -> 324 | G10: ='0221'!G10+'0222'!E10 -> 628000 | H10: ='0221'!H10+'0222'!D8 -> 10 | I10: ='0221'!I10+'0222'!D7 -> 314
B11: 비고 | C11: 단체 명 무료 명

Sheet 0224
A1: 기획전시 판매현황 | H1: 팀 장
H3: 46077
A4: 1 | B4: 전시명 : | C4: 창작스튜디오 7기 입주작가 프리뷰 | F4: 전시일: | G4: 2026. 2. 13(금) ~ 3. 15(일)
H5: 목표 매출액: | I5: 2080000
B6: 판매현황 | C6: 구분 | D6: 판매매수 | E6: 금액 | F6: 점유율
C7: 유료 | D7: 8 | E7: 16000 | F7: =G10/I5 -> 0.30961538
C8: 무료
F9: 누계 총인원 | G9: 누계 총 금액 | H9: 누계 무료인원 | I9: 누계 유료인원
C10: 합계 | D10: =SUM(D7:D9) -> 8 | E10: =SUM(E7:E9) -> 16000 | F10: ='0222'!F10+'0224'!D10 -> 332 | G10: ='0222'!G10+'0224'!E10 -> 644000 | H10: ='0222'!H10+'0224'!D8 -> 10 | I10: ='0222'!I10+'0224'!D7 -> 322
B11: 비고 | C11: 단체 명 무료 명
I19: .

Sheet 0225
A1: 기획전시 판매현황 | H1: 팀 장
H3: 46078
A4: 1 | B4: 전시명 : | C4: 창작스튜디오 7기 입주작가 프리뷰 | F4: 전시일: | G4: 2026. 2. 13(금) ~ 3. 15(일)
H5: 목표 매출액: | I5: 2080000
B6: 판매현황 | C6: 구분 | D6: 판매매수 | E6: 금액 | F6: 점유율
C7: 유료 | D7: 31 | E7: 62000 | F7: =G10/I5 -> 0.33942308
C8: 무료 | D8: 3
F9: 누계 총인원 | G9: 누계 총 금액 | H9: 누계 무료인원 | I9: 누계 유료인원
C10: 합계 | D10: =SUM(D7:D9) -> 34 | E10: =SUM(E7:E9) -> 62000 | F10: ='0224'!F10+'0225'!D10 -> 366 | G10: ='0224'!G10+'0225'!E10 -> 706000 | H10: ='0224'!H10+'0225'!D8 -> 13 | I10: ='0224'!I10+'0225'!D7 -> 353
B11: 비고 | C11: 단체 명 무료 3명
I19: .

Sheet 0226
A1: 기획전시 판매현황 | H1: 팀 장
H3: 46079
A4: 1 | B4: 전시명 : | C4: 창작스튜디오 7기 입주작가 프리뷰 | F4: 전시일: | G4: 2026. 2. 13(금) ~ 3. 15(일)
H5: 목표 매출액: | I5: 2080000
B6: 판매현황 | C6: 구분 | D6: 판매매수 | E6: 금액 | F6: 점유율
C7: 유료 | D7: 22 | E7: 44000 | F7: =G10/I5 -> 0.36057692
C8: 무료 | D8: 5
F9: 누계 총인원 | G9: 누계 총 금액 | H9: 누계 무료인원 | I9: 누계 유료인원
C10: 합계 | D10: =SUM(D7:D9) -> 27 | E10: =SUM(E7:E9) -> 44000 | F10: ='0225'!F10+'0226'!D10 -> 393 | G10: ='0225'!G10+'0226'!E10 -> 750000 | H10: ='0225'!H10+'0226'!D8 -> 18 | I10: ='0225'!I10+'0226'!D7 -> 375
B11: 비고 | C11: 단체 명 무료 5명
I19: .

Sheet 0227
A1: 기획전시 판매현황 | H1: 팀 장
H3: 46080
A4: 1 | B4: 전시명 : | C4: 창작스튜디오 7기 입주작가 프리뷰 | F4: 전시일: | G4: 2026. 2. 13(금) ~ 3. 15(일)
H5: 목표 매출액: | I5: 2080000
B6: 판매현황 | C6: 구분 | D6: 판매매수 | E6: 금액 | F6: 점유율
C7: 유료 | D7: 22 | E7: 44000 | F7: =G10/I5 -> 0.38173077
C8: 무료 | D8: 0
F9: 누계 총인원 | G9: 누계 총 금액 | H9: 누계 무료인원 | I9: 누계 유료인원
C10: 합계 | D10: =SUM(D7:D9) -> 22 | E10: =SUM(E7:E9) -> 44000 | F10: ='0226'!F10+'0227'!D10 -> 415 | G10: ='0226'!G10+'0227'!E10 -> 794000 | H10: ='0226'!H10+'0227'!D8 -> 18 | I10: ='0226'!I10+'0227'!D7 -> 397
B11: 비고 | C11: 단체 명 무료 명
A12: 2 | B12: 전시명 : | C12: 어린이미술전 <우리 SUM 타볼래> | F12: 전시일: | G12: 2026. 2. 27(금) ~ 6. 28(일)
H13: 목표 매출액: | I13: 31500000
B14: 판매현황 | C14: 구분 | D14: 판매매수 | E14: 금액 | F14: 점유율
C15: 유료 | D15: 5 | E15: 29000 | F15: =G18/I13 -> 0.00092063492
C16: 무료 | D16: 0
F17: 누계 총인원 | G17: 누계 총 금액 | H17: 누계 무료인원 | I17: 누계 유료인원
C18: 합계 | D18: =SUM(D15:D17) -> 5 | E18: =SUM(E15:E17) -> 29000 | F18: ='0227'!D18 -> 5 | G18: ='0227'!E18 -> 29000 | H18: ='0227'!D16 -> 0 | I18: ='0227'!D15 -> 5
B19: 비고 | C19: 단체 명 무료 명

Sheet 0228
A1: 기획전시 판매현황 | H1: 팀 장
H3: 46081
A4: 1 | B4: 전시명 : | C4: 창작스튜디오 7기 입주작가 프리뷰 | F4: 전시일: | G4: 2026. 2. 13(금) ~ 3. 15(일)
H5: 목표 매출액: | I5: 2080000
B6: 판매현황 | C6: 구분 | D6: 판매매수 | E6: 금액 | F6: 점유율
C7: 유료 | D7: 33 | E7: 66000 | F7: =G10/I5 -> 0.41346154
C8: 무료 | D8: 3
F9: 누계 총인원 | G9: 누계 총 금액 | H9: 누계 무료인원 | I9: 누계 유료인원
C10: 합계 | D10: =SUM(D7:D9) -> 36 | E10: =SUM(E7:E9) -> 66000 | F10: ='0227'!F10+'0228'!D10 -> 451 | G10: ='0227'!G10+'0228'!E10 -> 860000 | H10: ='0227'!H10+'0228'!D8 -> 21 | I10: ='0227'!I10+'0228'!D7 -> 430
B11: 비고 | C11: 단체 명 무료 3명
A12: 2 | B12: 전시명 : | C12: 어린이미술전 <우리 SUM 타볼래> | F12: 전시일: | G12: 2026. 2. 27(금) ~ 6. 28(일)
H13: 목표 매출액: | I13: 31500000
B14: 판매현황 | C14: 구분 | D14: 판매매수 | E14: 금액 | F14: 점유율
C15: 유료 | D15: 33 | E15: 199000 | F15: =G18/I13 -> 0.0072380952
C16: 무료 | D16: 1
F17: 누계 총인원 | G17: 누계 총 금액 | H17: 누계 무료인원 | I17: 누계 유료인원
C18: 합계 | D18: =SUM(D15:D17) -> 34 | E18: =SUM(E15:E17) -> 199000 | F18: ='0227'!F18+'0228'!D18 -> 39 | G18: ='0227'!G18+'0228'!E18 -> 228000 | H18: ='0227'!H18+'0228'!D16 -> 1 | I18: ='0227'!I18+'0228'!D15 -> 38
B19: 비고 | C19: 단체 명 무료 1명

Sheet 0301
A1: 기획전시 판매현황 | H1: 팀 장
H3: 46082
A4: 1 | B4: 전시명 : | C4: 창작스튜디오 7기 입주작가 프리뷰 | F4: 전시일: | G4: 2026. 2. 13(금) ~ 3. 15(일)
H5: 목표 매출액: | I5: 2080000
B6: 판매현황 | C6: 구분 | D6: 판매매수 | E6: 금액 | F6: 점유율
C7: 유료 | D7: 51 | E7: 102000 | F7: =G10/I5 -> 0.4625
C8: 무료 | D8: 1
F9: 누계 총인원 | G9: 누계 총 금액 | H9: 누계 무료인원 | I9: 누계 유료인원
C10: 합계 | D10: =SUM(D7:D9) -> 52 | E10: =SUM(E7:E9) -> 102000 | F10: ='0228'!F10+'0301'!D10 -> 503 | G10: ='0228'!G10+'0301'!E10 -> 962000 | H10: ='0228'!H10+'0301'!D8 -> 22 | I10: ='0228'!I10+'0301'!D7 -> 481
B11: 비고 | C11: 단체 명 무료 1명
A12: 2 | B12: 전시명 : | C12: 어린이미술전 <우리 SUM 타볼래> | F12: 전시일: | G12: 2026. 2. 27(금) ~ 6. 28(일)
H13: 목표 매출액: | I13: 31500000
B14: 판매현황 | C14: 구분 | D14: 판매매수 | E14: 금액 | F14: 점유율
C15: 유료 | D15: 42 | E15: 254000 | F15: =G18/I13 -> 0.015301587
C16: 무료 | D16: 3
F17: 누계 총인원 | G17: 누계 총 금액 | H17: 누계 무료인원 | I17: 누계 유료인원
C18: 합계 | D18: =SUM(D15:D17) -> 45 | E18: =SUM(E15:E17) -> 254000 | F18: ='0228'!F18+'0301'!D18 -> 84 | G18: ='0228'!G18+'0301'!E18 -> 482000 | H18: ='0228'!H18+'0301'!D16 -> 4 | I18: ='0228'!I18+'0301'!D15 -> 80
B19: 비고 | C19: 단체 명 무료 3명

Sheet 0303
A1: 기획전시 판매현황 | H1: 팀 장
H3: 46084
A4: 1 | B4: 전시명 : | C4: 창작스튜디오 7기 입주작가 프리뷰 | F4: 전시일: | G4: 2026. 2. 13(금) ~ 3. 15(일)
H5: 목표 매출액: | I5: 2080000
B6: 판매현황 | C6: 구분 | D6: 판매매수 | E6: 금액 | F6: 점유율
C7: 유료 | D7: 10 | E7: 20000 | F7: =G10/I5 -> 0.47211538
C8: 무료 | D8: 0
F9: 누계 총인원 | G9: 누계 총 금액 | H9: 누계 무료인원 | I9: 누계 유료인원
C10: 합계 | D10: =SUM(D7:D9) -> 10 | E10: =SUM(E7:E9) -> 20000 | F10: ='0301'!F10+'0303'!D10 -> 513 | G10: ='0301'!G10+'0303'!E10 -> 982000 | H10: ='0301'!H10+'0303'!D8 -> 22 | I10: ='0301'!I10+'0303'!D7 -> 491
B11: 비고 | C11: 단체 명 무료 명
A12: 2 | B12: 전시명 : | C12: 어린이미술전 <우리 SUM 타볼래> | F12: 전시일: | G12: 2026. 2. 27(금) ~ 6. 28(일)
H13: 목표 매출액: | I13: 31500000
B14: 판매현황 | C14: 구분 | D14: 판매매수 | E14: 금액 | F14: 점유율
C15: 유료 | D15: 4 | E15: 22000 | F15: =G18/I13 -> 0.016
C16: 무료 | D16: 1
F17: 누계 총인원 | G17: 누계 총 금액 | H17: 누계 무료인원 | I17: 누계 유료인원
C18: 합계 | D18: =SUM(D15:D17) -> 5 | E18: =SUM(E15:E17) -> 22000 | F18: ='0301'!F18+'0303'!D18 -> 89 | G18: ='0301'!G18+'0303'!E18 -> 504000 | H18: ='0301'!H18+'0303'!D16 -> 5 | I18: ='0301'!I18+'0303'!D15 -> 84
B19: 비고 | C19: 단체 명 무료 1명

Sheet 0304
A1: 기획전시 판매현황 | H1: 팀 장
H3: 46085
A4: 1 | B4: 전시명 : | C4: 창작스튜디오 7기 입주작가 프리뷰 | F4: 전시일: | G4: 2026. 2. 13(금) ~ 3. 15(일)
H5: 목표 매출액: | I5: 2080000
B6: 판매현황 | C6: 구분 | D6: 판매매수 | E6: 금액 | F6: 점유율
C7: 유료 | D7: 14 | E7: 28000 | F7: =G10/I5 -> 0.48557692
C8: 무료 | D8: 2
F9: 누계 총인원 | G9: 누계 총 금액 | H9: 누계 무료인원 | I9: 누계 유료인원
C10: 합계 | D10: =SUM(D7:D9) -> 16 | E10: =SUM(E7:E9) -> 28000 | F10: ='0303'!F10+'0304'!D10 -> 529 | G10: ='0303'!G10+'0304'!E10 -> 1010000 | H10: ='0303'!H10+'0304'!D8 -> 24 | I10: ='0303'!I10+'0304'!D7 -> 505
B11: 비고 | C11: 단체 명 무료 2명
A12: 2 | B12: 전시명 : | C12: 어린이미술전 <우리 SUM 타볼래> | F12: 전시일: | G12: 2026. 2. 27(금) ~ 6. 28(일)
H13: 목표 매출액: | I13: 31500000
B14: 판매현황 | C14: 구분 | D14: 판매매수 | E14: 금액 | F14: 점유율
C15: 유료 | D15: 6 | E15: 36000 | F15: =G18/I13 -> 0.017142857
C16: 무료 | D16: 0
F17: 누계 총인원 | G17: 누계 총 금액 | H17: 누계 무료인원 | I17: 누계 유료인원
C18: 합계 | D18: =SUM(D15:D17) -> 6 | E18: =SUM(E15:E17) -> 36000 | F18: ='0303'!F18+'0304'!D18 -> 95 | G18: ='0303'!G18+'0304'!E18 -> 540000 | H18: ='0303'!H18+'0304'!D16 -> 5 | I18: ='0303'!I18+'0304'!D15 -> 90
B19: 비고 | C19: 단체 명 무료 명 | F19: 현금결제 1건 취소로 유료 6매, 36,000원임 정산리포트와 상이함(유료 7매, 41,000원)

Sheet 0305
A1: 기획전시 판매현황 | H1: 팀 장
H3: 46086
A4: 1 | B4: 전시명 : | C4: 창작스튜디오 7기 입주작가 프리뷰 | F4: 전시일: | G4: 2026. 2. 13(금) ~ 3. 15(일)
H5: 목표 매출액: | I5: 2080000
B6: 판매현황 | C6: 구분 | D6: 판매매수 | E6: 금액 | F6: 점유율
C7: 유료 | D7: 11 | E7: 22000 | F7: =G10/I5 -> 0.49615385
C8: 무료 | D8: 0
F9: 누계 총인원 | G9: 누계 총 금액 | H9: 누계 무료인원 | I9: 누계 유료인원
C10: 합계 | D10: =SUM(D7:D9) -> 11 | E10: =SUM(E7:E9) -> 22000 | F10: ='0304'!F10+'0305'!D10 -> 540 | G10: ='0304'!G10+'0305'!E10 -> 1032000 | H10: ='0304'!H10+'0305'!D8 -> 24 | I10: ='0304'!I10+'0305'!D7 -> 516
B11: 비고 | C11: 단체 명 무료 명
A12: 2 | B12: 전시명 : | C12: 어린이미술전 <우리 SUM 타볼래> | F12: 전시일: | G12: 2026. 2. 27(금) ~ 6. 28(일)
H13: 목표 매출액: | I13: 31500000
B14: 판매현황 | C14: 구분 | D14: 판매매수 | E14: 금액 | F14: 점유율
C15: 유료 | D15: 2 | E15: 12000 | F15: =G18/I13 -> 0.01752381
C16: 무료 | D16: 0
F17: 누계 총인원 | G17: 누계 총 금액 | H17: 누계 무료인원 | I17: 누계 유료인원
C18: 합계 | D18: =SUM(D15:D17) -> 2 | E18: =SUM(E15:E17) -> 12000 | F18: ='0304'!F18+'0305'!D18 -> 97 | G18: ='0304'!G18+'0305'!E18 -> 552000 | H18: ='0304'!H18+'0305'!D16 -> 5 | I18: ='0304'!I18+'0305'!D15 -> 92
B19: 비고 | C19: 단체 명 무료 명

Sheet 0306
A1: 기획전시 판매현황 | H1: 팀 장
H3: 46087
A4: 1 | B4: 전시명 : | C4: 창작스튜디오 7기 입주작가 프리뷰 | F4: 전시일: | G4: 2026. 2. 13(금) ~ 3. 15(일)
H5: 목표 매출액: | I5: 2080000
B6: 판매현황 | C6: 구분 | D6: 판매매수 | E6: 금액 | F6: 점유율
C7: 유료 | D7: 4 | E7: 8000 | F7: =G10/I5 -> 0.5
C8: 무료 | D8: 0
F9: 누계 총인원 | G9: 누계 총 금액 | H9: 누계 무료인원 | I9: 누계 유료인원
C10: 합계 | D10: =SUM(D7:D9) -> 4 | E10: =SUM(E7:E9) -> 8000 | F10: ='0305'!F10+'0306'!D10 -> 544 | G10: ='0305'!G10+'0306'!E10 -> 1040000 | H10: ='0305'!H10+'0306'!D8 -> 24 | I10: ='0305'!I10+'0306'!D7 -> 520
B11: 비고 | C11: 단체 명 무료 명
A12: 2 | B12: 전시명 : | C12: 어린이미술전 <우리 SUM 타볼래> | F12: 전시일: | G12: 2026. 2. 27(금) ~ 6. 28(일)
H13: 목표 매출액: | I13: 31500000
B14: 판매현황 | C14: 구분 | D14: 판매매수 | E14: 금액 | F14: 점유율
C15: 유료 | D15: 12 | E15: 64000 | F15: =G18/I13 -> 0.019555556
C16: 무료 | D16: 1
F17: 누계 총인원 | G17: 누계 총 금액 | H17: 누계 무료인원 | I17: 누계 유료인원
C18: 합계 | D18: =SUM(D15:D17) -> 13 | E18: =SUM(E15:E17) -> 64000 | F18: ='0305'!F18+'0306'!D18 -> 110 | G18: ='0305'!G18+'0306'!E18 -> 616000 | H18: ='0305'!H18+'0306'!D16 -> 6 | I18: ='0305'!I18+'0306'!D15 -> 104
B19: 비고 | C19: 단체 명 무료 1명

Sheet 0307
A1: 기획전시 판매현황 | H1: 팀 장
H3: 46088
A4: 1 | B4: 전시명 : | C4: 창작스튜디오 7기 입주작가 프리뷰 | F4: 전시일: | G4: 2026. 2. 13(금) ~ 3. 22(일)
H5: 목표 매출액: | I5: 2080000
B6: 판매현황 | C6: 구분 | D6: 판매매수 | E6: 금액 | F6: 점유율
C7: 유료 | D7: 39 | E7: 78000 | F7: =G10/I5 -> 0.5375
C8: 무료 | D8: 2
F9: 누계 총인원 | G9: 누계 총 금액 | H9: 누계 무료인원 | I9: 누계 유료인원
C10: 합계 | D10: =SUM(D7:D9) -> 41 | E10: =SUM(E7:E9) -> 78000 | F10: ='0306'!F10+'0307'!D10 -> 585 | G10: ='0306'!G10+'0307'!E10 -> 1118000 | H10: ='0306'!H10+'0307'!D8 -> 26 | I10: ='0306'!I10+'0307'!D7 -> 559
B11: 비고 | C11: 단체 명 무료 2명
A12: 2 | B12: 전시명 : | C12: 어린이미술전 <우리 SUM 타볼래> | F12: 전시일: | G12: 2026. 2. 27(금) ~ 6. 28(일)
H13: 목표 매출액: | I13: 31500000
B14: 판매현황 | C14: 구분 | D14: 판매매수 | E14: 금액 | F14: 점유율
C15: 유료 | D15: 21 | E15: 125000 | F15: =G18/I13 -> 0.02352381
C16: 무료 | D16: 4
F17: 누계 총인원 | G17: 누계 총 금액 | H17: 누계 무료인원 | I17: 누계 유료인원
C18: 합계 | D18: =SUM(D15:D17) -> 25 | E18: =SUM(E15:E17) -> 125000 | F18: ='0306'!F18+'0307'!D18 -> 135 | G18: ='0306'!G18+'0307'!E18 -> 741000 | H18: ='0306'!H18+'0307'!D16 -> 10 | I18: ='0306'!I18+'0307'!D15 -> 125
B19: 비고 | C19: 단체 명 무료 4명

Sheet 0308
A1: 기획전시 판매현황 | H1: 팀 장
H3: 46089
A4: 1 | B4: 전시명 : | C4: 창작스튜디오 7기 입주작가 프리뷰 | F4: 전시일: | G4: 2026. 2. 13(금) ~ 3. 22(일)
H5: 목표 매출액: | I5: 2080000
B6: 판매현황 | C6: 구분 | D6: 판매매수 | E6: 금액 | F6: 점유율
C7: 유료 | D7: 27 | E7: 54000 | F7: =G10/I5 -> 0.56346154
C8: 무료 | D8: 5
F9: 누계 총인원 | G9: 누계 총 금액 | H9: 누계 무료인원 | I9: 누계 유료인원
C10: 합계 | D10: =SUM(D7:D9) -> 32 | E10: =SUM(E7:E9) -> 54000 | F10: ='0307'!F10+'0308'!D10 -> 617 | G10: ='0307'!G10+'0308'!E10 -> 1172000 | H10: ='0307'!H10+'0308'!D8 -> 31 | I10: ='0307'!I10+'0308'!D7 -> 586
B11: 비고 | C11: 단체 명 무료 5명
A12: 2 | B12: 전시명 : | C12: 어린이미술전 <우리 SUM 타볼래> | F12: 전시일: | G12: 2026. 2. 27(금) ~ 6. 28(일)
H13: 목표 매출액: | I13: 31500000
B14: 판매현황 | C14: 구분 | D14: 판매매수 | E14: 금액 | F14: 점유율
C15: 유료 | D15: 44 | E15: 262000 | F15: =G18/I13 -> 0.03184127
C16: 무료 | D16: 2
F17: 누계 총인원 | G17: 누계 총 금액 | H17: 누계 무료인원 | I17: 누계 유료인원
C18: 합계 | D18: =SUM(D15:D17) -> 46 | E18: =SUM(E15:E17) -> 262000 | F18: ='0307'!F18+'0308'!D18 -> 181 | G18: ='0307'!G18+'0308'!E18 -> 1003000 | H18: ='0307'!H18+'0308'!D16 -> 12 | I18: ='0307'!I18+'0308'!D15 -> 169
B19: 비고 | C19: 단체 명 무료 2명

Sheet 0310
A1: 기획전시 판매현황 | H1: 팀 장
H3: 46091
A4: 1 | B4: 전시명 : | C4: 창작스튜디오 7기 입주작가 프리뷰 | F4: 전시일: | G4: 2026. 2. 13(금) ~ 3. 22(일)
H5: 목표 매출액: | I5: 2080000
B6: 판매현황 | C6: 구분 | D6: 판매매수 | E6: 금액 | F6: 점유율
C7: 유료 | D7: 10 | E7: 20000 | F7: =G10/I5 -> 0.57307692
C8: 무료 | D8: 7
F9: 누계 총인원 | G9: 누계 총 금액 | H9: 누계 무료인원 | I9: 누계 유료인원
C10: 합계 | D10: =SUM(D7:D9) -> 17 | E10: =SUM(E7:E9) -> 20000 | F10: ='0308'!F10+'0310'!D10 -> 634 | G10: ='0308'!G10+'0310'!E10 -> 1192000 | H10: ='0308'!H10+'0310'!D8 -> 38 | I10: ='0308'!I10+'0310'!D7 -> 596
B11: 비고 | C11: 단체 명 무료 7명
A12: 2 | B12: 전시명 : | C12: 어린이미술전 <우리 SUM 타볼래> | F12: 전시일: | G12: 2026. 2. 27(금) ~ 6. 28(일)
H13: 목표 매출액: | I13: 31500000
B14: 판매현황 | C14: 구분 | D14: 판매매수 | E14: 금액 | F14: 점유율
C15: 유료 | D15: 6 | E15: 36000 | F15: =G18/I13 -> 0.032984127
C16: 무료 | D16: 1
F17: 누계 총인원 | G17: 누계 총 금액 | H17: 누계 무료인원 | I17: 누계 유료인원
C18: 합계 | D18: =SUM(D15:D17) -> 7 | E18: =SUM(E15:E17) -> 36000 | F18: ='0308'!F18+'0310'!D18 -> 188 | G18: ='0308'!G18+'0310'!E18 -> 1039000 | H18: ='0308'!H18+'0310'!D16 -> 13 | I18: ='0308'!I18+'0310'!D15 -> 175
B19: 비고 | C19: 단체 명 무료 1명

Sheet 0311
A1: 기획전시 판매현황 | H1: 팀 장
H3: 46092
A4: 1 | B4: 전시명 : | C4: 창작스튜디오 7기 입주작가 프리뷰 | F4: 전시일: | G4: 2026. 2. 13(금) ~ 3. 22(일)
H5: 목표 매출액: | I5: 2080000
B6: 판매현황 | C6: 구분 | D6: 판매매수 | E6: 금액 | F6: 점유율
C7: 유료 | D7: 12 | E7: 24000 | F7: =G10/I5 -> 0.58461538
C8: 무료 | D8: 2
F9: 누계 총인원 | G9: 누계 총 금액 | H9: 누계 무료인원 | I9: 누계 유료인원
C10: 합계 | D10: =SUM(D7:D9) -> 14 | E10: =SUM(E7:E9) -> 24000 | F10: ='0310'!F10+'0311'!D10 -> 648 | G10: ='0310'!G10+'0311'!E10 -> 1216000 | H10: ='0310'!H10+'0311'!D8 -> 40 | I10: ='0310'!I10+'0311'!D7 -> 608
B11: 비고 | C11: 단체 명 무료 2명
A12: 2 | B12: 전시명 : | C12: 어린이미술전 <우리 SUM 타볼래> | F12: 전시일: | G12: 2026. 2. 27(금) ~ 6. 28(일)
H13: 목표 매출액: | I13: 31500000
B14: 판매현황 | C14: 구분 | D14: 판매매수 | E14: 금액 | F14: 점유율
C15: 유료 | D15: 4 | E15: 22000 | F15: =G18/I13 -> 0.03368254
C16: 무료 | D16: 1
F17: 누계 총인원 | G17: 누계 총 금액 | H17: 누계 무료인원 | I17: 누계 유료인원
C18: 합계 | D18: =SUM(D15:D17) -> 5 | E18: =SUM(E15:E17) -> 22000 | F18: ='0310'!F18+'0311'!D18 -> 193 | G18: ='0310'!G18+'0311'!E18 -> 1061000 | H18: ='0310'!H18+'0311'!D16 -> 14 | I18: ='0310'!I18+'0311'!D15 -> 179
B19: 비고 | C19: 단체 명 무료 1명

Sheet 0312
A1: 기획전시 판매현황 | H1: 팀 장
H3: 46093
A4: 1 | B4: 전시명 : | C4: 창작스튜디오 7기 입주작가 프리뷰 | F4: 전시일: | G4: 2026. 2. 13(금) ~ 3. 22(일)
H5: 목표 매출액: | I5: 2080000
B6: 판매현황 | C6: 구분 | D6: 판매매수 | E6: 금액 | F6: 점유율
C7: 유료 | D7: 28 | E7: 56000 | F7: =G10/I5 -> 0.61153846
C8: 무료 | D8: 2
F9: 누계 총인원 | G9: 누계 총 금액 | H9: 누계 무료인원 | I9: 누계 유료인원
C10: 합계 | D10: =SUM(D7:D9) -> 30 | E10: =SUM(E7:E9) -> 56000 | F10: ='0311'!F10+'0312'!D10 -> 678 | G10: ='0311'!G10+'0312'!E10 -> 1272000 | H10: ='0311'!H10+'0312'!D8 -> 42 | I10: ='0311'!I10+'0312'!D7 -> 636
B11: 비고 | C11: 단체 명 무료 2명
A12: 2 | B12: 전시명 : | C12: 어린이미술전 <우리 SUM 타볼래> | F12: 전시일: | G12: 2026. 2. 27(금) ~ 6. 28(일)
H13: 목표 매출액: | I13: 31500000
B14: 판매현황 | C14: 구분 | D14: 판매매수 | E14: 금액 | F14: 점유율
C15: 유료 | D15: 2 | E15: 10000 | F15: =G18/I13 -> 0.034
C16: 무료 | D16: 1
F17: 누계 총인원 | G17: 누계 총 금액 | H17: 누계 무료인원 | I17: 누계 유료인원
C18: 합계 | D18: =SUM(D15:D17) -> 3 | E18: =SUM(E15:E17) -> 10000 | F18: ='0311'!F18+'0312'!D18 -> 196 | G18: ='0311'!G18+'0312'!E18 -> 1071000 | H18: ='0311'!H18+'0312'!D16 -> 15 | I18: ='0311'!I18+'0312'!D15 -> 181
B19: 비고 | C19: 단체 명 무료 1명

Sheet 0313
A1: 기획전시 판매현황 | H1: 팀 장
H3: 46094
A4: 1 | B4: 전시명 : | C4: 창작스튜디오 7기 입주작가 프리뷰 | F4: 전시일: | G4: 2026. 2. 13(금) ~ 3. 22(일)
H5: 목표 매출액: | I5: 2080000
B6: 판매현황 | C6: 구분 | D6: 판매매수 | E6: 금액 | F6: 점유율
C7: 유료 | D7: 11 | E7: 22000 | F7: =G10/I5 -> 0.62211538
C8: 무료 | D8: 0
F9: 누계 총인원 | G9: 누계 총 금액 | H9: 누계 무료인원 | I9: 누계 유료인원
C10: 합계 | D10: =SUM(D7:D9) -> 11 | E10: =SUM(E7:E9) -> 22000 | F10: ='0312'!F10+'0313'!D10 -> 689 | G10: ='0312'!G10+'0313'!E10 -> 1294000 | H10: ='0312'!H10+'0313'!D8 -> 42 | I10: ='0312'!I10+'0313'!D7 -> 647
B11: 비고 | C11: 단체 명 무료 명
A12: 2 | B12: 전시명 : | C12: 어린이미술전 <우리 SUM 타볼래> | F12: 전시일: | G12: 2026. 2. 27(금) ~ 6. 28(일)
H13: 목표 매출액: | I13: 31500000
B14: 판매현황 | C14: 구분 | D14: 판매매수 | E14: 금액 | F14: 점유율
C15: 유료 | D15: 66 | E15: 298500 | F15: =G18/I13 -> 0.04347619
C16: 무료 | D16: 0
F17: 누계 총인원 | G17: 누계 총 금액 | H17: 누계 무료인원 | I17: 누계 유료인원
C18: 합계 | D18: =SUM(D15:D17) -> 66 | E18: =SUM(E15:E17) -> 298500 | F18: ='0312'!F18+'0313'!D18 -> 262 | G18: ='0312'!G18+'0313'!E18 -> 1369500 | H18: ='0312'!H18+'0313'!D16 -> 15 | I18: ='0312'!I18+'0313'!D15 -> 247
B19: 비고 | C19: 단체 63명 무료 명

Sheet 0314
A1: 기획전시 판매현황 | H1: 팀 장
H3: 46095
A4: 1 | B4: 전시명 : | C4: 창작스튜디오 7기 입주작가 프리뷰 | F4: 전시일: | G4: 2026. 2. 13(금) ~ 3. 22(일)
H5: 목표 매출액: | I5: 2080000
B6: 판매현황 | C6: 구분 | D6: 판매매수 | E6: 금액 | F6: 점유율
C7: 유료 | D7: 44 | E7: 88000 | F7: =G10/I5 -> 0.66442308
C8: 무료 | D8: 0
F9: 누계 총인원 | G9: 누계 총 금액 | H9: 누계 무료인원 | I9: 누계 유료인원
C10: 합계 | D10: =SUM(D7:D9) -> 44 | E10: =SUM(E7:E9) -> 88000 | F10: ='0313'!F10+'0314'!D10 -> 733 | G10: ='0313'!G10+'0314'!E10 -> 1382000 | H10: ='0313'!H10+'0314'!D8 -> 42 | I10: ='0313'!I10+'0314'!D7 -> 691
B11: 비고 | C11: 단체 명 무료 명
A12: 2 | B12: 전시명 : | C12: 어린이미술전 <우리 SUM 타볼래> | F12: 전시일: | G12: 2026. 2. 27(금) ~ 6. 28(일)
H13: 목표 매출액: | I13: 31500000
B14: 판매현황 | C14: 구분 | D14: 판매매수 | E14: 금액 | F14: 점유율
C15: 유료 | D15: 72 | E15: 414000 | F15: =G18/I13 -> 0.056619048
C16: 무료 | D16: 3
F17: 누계 총인원 | G17: 누계 총 금액 | H17: 누계 무료인원 | I17: 누계 유료인원
C18: 합계 | D18: =SUM(D15:D17) -> 75 | E18: =SUM(E15:E17) -> 414000 | F18: ='0313'!F18+'0314'!D18 -> 337 | G18: ='0313'!G18+'0314'!E18 -> 1783500 | H18: ='0313'!H18+'0314'!D16 -> 18 | I18: ='0313'!I18+'0314'!D15 -> 319
B19: 비고 | C19: 단체 명 무료 3명

Sheet 0315
A1: 기획전시 판매현황 | H1: 팀 장
H3: 46096
A4: 1 | B4: 전시명 : | C4: 창작스튜디오 7기 입주작가 프리뷰 | F4: 전시일: | G4: 2026. 2. 13(금) ~ 3. 22(일)
H5: 목표 매출액: | I5: 2080000
B6: 판매현황 | C6: 구분 | D6: 판매매수 | E6: 금액 | F6: 점유율
C7: 유료 | D7: 45 | E7: 90000 | F7: =G10/I5 -> 0.70769231
C8: 무료 | D8: 0
F9: 누계 총인원 | G9: 누계 총 금액 | H9: 누계 무료인원 | I9: 누계 유료인원
C10: 합계 | D10: =SUM(D7:D9) -> 45 | E10: =SUM(E7:E9) -> 90000 | F10: ='0314'!F10+'0315'!D10 -> 778 | G10: ='0314'!G10+'0315'!E10 -> 1472000 | H10: ='0314'!H10+'0315'!D8 -> 42 | I10: ='0314'!I10+'0315'!D7 -> 736
B11: 비고 | C11: 단체 명 무료 명
A12: 2 | B12: 전시명 : | C12: 어린이미술전 <우리 SUM 타볼래> | F12: 전시일: | G12: 2026. 2. 27(금) ~ 6. 28(일)
H13: 목표 매출액: | I13: 31500000
B14: 판매현황 | C14: 구분 | D14: 판매매수 | E14: 금액 | F14: 점유율
C15: 유료 | D15: 46 | E15: 266000 | F15: =G18/I13 -> 0.065063492
C16: 무료 | D16: 3
F17: 누계 총인원 | G17: 누계 총 금액 | H17: 누계 무료인원 | I17: 누계 유료인원
C18: 합계 | D18: =SUM(D15:D17) -> 49 | E18: =SUM(E15:E17) -> 266000 | F18: ='0314'!F18+'0315'!D18 -> 386 | G18: ='0314'!G18+'0315'!E18 -> 2049500 | H18: ='0314'!H18+'0315'!D16 -> 21 | I18: ='0314'!I18+'0315'!D15 -> 365
B19: 비고 | C19: 단체 명 무료 3명

Sheet 0317
A1: 기획전시 판매현황 | H1: 팀 장
H3: 46098
A4: 1 | B4: 전시명 : | C4: 창작스튜디오 7기 입주작가 프리뷰 | F4: 전시일: | G4: 2026. 2. 13(금) ~ 3. 22(일)
H5: 목표 매출액: | I5: 2080000
B6: 판매현황 | C6: 구분 | D6: 판매매수 | E6: 금액 | F6: 점유율
C7: 유료 | D7: 4 | E7: 8000 | F7: =G10/I5 -> 0.71153846
C8: 무료 | D8: 3
F9: 누계 총인원 | G9: 누계 총 금액 | H9: 누계 무료인원 | I9: 누계 유료인원
C10: 합계 | D10: =SUM(D7:D9) -> 7 | E10: =SUM(E7:E9) -> 8000 | F10: ='0315'!F10+'0317'!D10 -> 785 | G10: ='0315'!G10+'0317'!E10 -> 1480000 | H10: ='0315'!H10+'0317'!D8 -> 45 | I10: ='0315'!I10+'0317'!D7 -> 740
B11: 비고 | C11: 단체 명 무료 3명
A12: 2 | B12: 전시명 : | C12: 어린이미술전 <우리 SUM 타볼래> | F12: 전시일: | G12: 2026. 2. 27(금) ~ 6. 28(일)
H13: 목표 매출액: | I13: 31500000
B14: 판매현황 | C14: 구분 | D14: 판매매수 | E14: 금액 | F14: 점유율
C15: 유료 | D15: 5 | E15: 27000 | F15: =G18/I13 -> 0.065920635
C16: 무료 | D16: 5
F17: 누계 총인원 | G17: 누계 총 금액 | H17: 누계 무료인원 | I17: 누계 유료인원
C18: 합계 | D18: =SUM(D15:D17) -> 10 | E18: =SUM(E15:E17) -> 27000 | F18: ='0315'!F18+'0317'!D18 -> 396 | G18: ='0315'!G18+'0317'!E18 -> 2076500 | H18: ='0315'!H18+'0317'!D16 -> 26 | I18: ='0315'!I18+'0317'!D15 -> 370
B19: 비고 | C19: 단체 명 무료 5명

Sheet 0318
A1: 기획전시 판매현황 | H1: 팀 장
H3: 46099
A4: 1 | B4: 전시명 : | C4: 창작스튜디오 7기 입주작가 프리뷰 | F4: 전시일: | G4: 2026. 2. 13(금) ~ 3. 22(일)
H5: 목표 매출액: | I5: 2080000
B6: 판매현황 | C6: 구분 | D6: 판매매수 | E6: 금액 | F6: 점유율
C7: 유료 | D7: 15 | E7: 30000 | F7: =G10/I5 -> 0.72596154
C8: 무료 | D8: 0
F9: 누계 총인원 | G9: 누계 총 금액 | H9: 누계 무료인원 | I9: 누계 유료인원
C10: 합계 | D10: =SUM(D7:D9) -> 15 | E10: =SUM(E7:E9) -> 30000 | F10: ='0317'!F10+'0318'!D10 -> 800 | G10: ='0317'!G10+'0318'!E10 -> 1510000 | H10: ='0317'!H10+'0318'!D8 -> 45 | I10: ='0317'!I10+'0318'!D7 -> 755
B11: 비고 | C11: 단체 명 무료 명
A12: 2 | B12: 전시명 : | C12: 어린이미술전 <우리 SUM 타볼래> | F12: 전시일: | G12: 2026. 2. 27(금) ~ 6. 28(일)
H13: 목표 매출액: | I13: 31500000
B14: 판매현황 | C14: 구분 | D14: 판매매수 | E14: 금액 | F14: 점유율
C15: 유료 | D15: 5 | E15: 29000 | F15: =G18/I13 -> 0.06684127
C16: 무료 | D16: 2
F17: 누계 총인원 | G17: 누계 총 금액 | H17: 누계 무료인원 | I17: 누계 유료인원
C18: 합계 | D18: =SUM(D15:D17) -> 7 | E18: =SUM(E15:E17) -> 29000 | F18: ='0317'!F18+'0318'!D18 -> 403 | G18: ='0317'!G18+'0318'!E18 -> 2105500 | H18: ='0317'!H18+'0318'!D16 -> 28 | I18: ='0317'!I18+'0318'!D15 -> 375
B19: 비고 | C19: 단체 명 무료 2명

Sheet 0319
A1: 기획전시 판매현황 | H1: 팀 장
H3: 46100
A4: 1 | B4: 전시명 : | C4: 창작스튜디오 7기 입주작가 프리뷰 | F4: 전시일: | G4: 2026. 2. 13(금) ~ 3. 22(일)
H5: 목표 매출액: | I5: 2080000
B6: 판매현황 | C6: 구분 | D6: 판매매수 | E6: 금액 | F6: 점유율
C7: 유료 | D7: 15 | E7: 30000 | F7: =G10/I5 -> 0.74038462
C8: 무료 | D8: 0
D9: 24 | F9: 누계 총인원 | G9: 누계 총 금액 | H9: 누계 무료인원 | I9: 누계 유료인원
C10: 합계 | D10: =SUM(D7:D9) -> 39 | E10: =SUM(E7:E9) -> 30000 | F10: ='0318'!F10+'0319'!D10 -> 839 | G10: ='0318'!G10+'0319'!E10 -> 1540000 | H10: ='0318'!H10+'0319'!D8 -> 45 | I10: ='0318'!I10+'0319'!D7 -> 770
B11: 비고 | C11: 단체 명 무료 명
A12: 2 | B12: 전시명 : | C12: 어린이미술전 <우리 SUM 타볼래> | F12: 전시일: | G12: 2026. 2. 27(금) ~ 6. 28(일)
H13: 목표 매출액: | I13: 31500000
B14: 판매현황 | C14: 구분 | D14: 판매매수 | E14: 금액 | F14: 점유율
C15: 유료 | D15: 7 | E15: 35000 | F15: =G18/I13 -> 0.067952381
C16: 무료 | D16: 2
F17: 누계 총인원 | G17: 누계 총 금액 | H17: 누계 무료인원 | I17: 누계 유료인원
C18: 합계 | D18: =SUM(D15:D17) -> 9 | E18: =SUM(E15:E17) -> 35000 | F18: ='0318'!F18+'0319'!D18 -> 412 | G18: ='0318'!G18+'0319'!E18 -> 2140500 | H18: ='0318'!H18+'0319'!D16 -> 30 | I18: ='0318'!I18+'0319'!D15 -> 382
B19: 비고 | C19: 단체 명 무료 2명

Sheet 0320
A1: 기획전시 판매현황 | H1: 팀 장
H3: 46101
A4: 1 | B4: 전시명 : | C4: 창작스튜디오 7기 입주작가 프리뷰 | F4: 전시일: | G4: 2026. 2. 13(금) ~ 3. 22(일)
H5: 목표 매출액: | I5: 2080000
B6: 판매현황 | C6: 구분 | D6: 판매매수 | E6: 금액 | F6: 점유율
C7: 유료 | D7: 4 | E7: 8000 | F7: =G10/I5 -> 0.74423077
C8: 무료 | D8: 3
F9: 누계 총인원 | G9: 누계 총 금액 | H9: 누계 무료인원 | I9: 누계 유료인원
C10: 합계 | D10: =SUM(D7:D9) -> 7 | E10: =SUM(E7:E9) -> 8000 | F10: ='0319'!F10+'0320'!D10 -> 846 | G10: ='0319'!G10+'0320'!E10 -> 1548000 | H10: ='0319'!H10+'0320'!D8 -> 48 | I10: ='0319'!I10+'0320'!D7 -> 774
B11: 비고 | C11: 단체 명 무료 3명
A12: 2 | B12: 전시명 : | C12: 어린이미술전 <우리 SUM 타볼래> | F12: 전시일: | G12: 2026. 2. 27(금) ~ 6. 28(일)
H13: 목표 매출액: | I13: 31500000
B14: 판매현황 | C14: 구분 | D14: 판매매수 | E14: 금액 | F14: 점유율
C15: 유료 | D15: 24 | E15: 148000 | F15: =G18/I13 -> 0.072650794
C16: 무료 | D16: 0
F17: 누계 총인원 | G17: 누계 총 금액 | H17: 누계 무료인원 | I17: 누계 유료인원
C18: 합계 | D18: =SUM(D15:D17) -> 24 | E18: =SUM(E15:E17) -> 148000 | F18: ='0319'!F18+'0320'!D18 -> 436 | G18: ='0319'!G18+'0320'!E18 -> 2288500 | H18: ='0319'!H18+'0320'!D16 -> 30 | I18: ='0319'!I18+'0320'!D15 -> 406
B19: 비고 | C19: 단체 명 무료 명

Sheet 0321
A1: 기획전시 판매현황 | H1: 팀 장
H3: 46102
A4: 1 | B4: 전시명 : | C4: 창작스튜디오 7기 입주작가 프리뷰 | F4: 전시일: | G4: 2026. 2. 13(금) ~ 3. 22(일)
H5: 목표 매출액: | I5: 2080000
B6: 판매현황 | C6: 구분 | D6: 판매매수 | E6: 금액 | F6: 점유율
C7: 유료 | D7: 32 | E7: 64000 | F7: =G10/I5 -> 0.775
C8: 무료 | D8: 2
F9: 누계 총인원 | G9: 누계 총 금액 | H9: 누계 무료인원 | I9: 누계 유료인원
C10: 합계 | D10: =SUM(D7:D9) -> 34 | E10: =SUM(E7:E9) -> 64000 | F10: ='0320'!F10+'0321'!D10 -> 880 | G10: ='0320'!G10+'0321'!E10 -> 1612000 | H10: ='0320'!H10+'0321'!D8 -> 50 | I10: ='0320'!I10+'0321'!D7 -> 806
B11: 비고 | C11: 단체 명 무료 2명
A12: 2 | B12: 전시명 : | C12: 어린이미술전 <우리 SUM 타볼래> | F12: 전시일: | G12: 2026. 2. 27(금) ~ 6. 28(일)
H13: 목표 매출액: | I13: 31500000
B14: 판매현황 | C14: 구분 | D14: 판매매수 | E14: 금액 | F14: 점유율
C15: 유료 | D15: 77 | E15: 431000 | F15: =G18/I13 -> 0.086333333
C16: 무료 | D16: 5
F17: 누계 총인원 | G17: 누계 총 금액 | H17: 누계 무료인원 | I17: 누계 유료인원
C18: 합계 | D18: =SUM(D15:D17) -> 82 | E18: =SUM(E15:E17) -> 431000 | F18: ='0320'!F18+'0321'!D18 -> 518 | G18: ='0320'!G18+'0321'!E18 -> 2719500 | H18: ='0320'!H18+'0321'!D16 -> 35 | I18: ='0320'!I18+'0321'!D15 -> 483
B19: 비고 | C19: 단체 명 무료 5명

Sheet 0322
A1: 기획전시 판매현황 | H1: 팀 장
H3: 46103
A4: 1 | B4: 전시명 : | C4: 창작스튜디오 7기 입주작가 프리뷰 | F4: 전시일: | G4: 2026. 2. 13(금) ~ 3. 22(일)
H5: 목표 매출액: | I5: 2080000
B6: 판매현황 | C6: 구분 | D6: 판매매수 | E6: 금액 | F6: 점유율
C7: 유료 | D7: 22 | E7: 44000 | F7: =G10/I5 -> 0.79615385
C8: 무료 | D8: 0
F9: 누계 총인원 | G9: 누계 총 금액 | H9: 누계 무료인원 | I9: 누계 유료인원
C10: 합계 | D10: =SUM(D7:D9) -> 22 | E10: =SUM(E7:E9) -> 44000 | F10: ='0321'!F10+'0322'!D10 -> 902 | G10: ='0321'!G10+'0322'!E10 -> 1656000 | H10: ='0321'!H10+'0322'!D8 -> 50 | I10: ='0321'!I10+'0322'!D7 -> 828
B11: 비고 | C11: 단체 명 무료 명
A12: 2 | B12: 전시명 : | C12: 어린이미술전 <우리 SUM 타볼래> | F12: 전시일: | G12: 2026. 2. 27(금) ~ 6. 28(일)
H13: 목표 매출액: | I13: 31500000
B14: 판매현황 | C14: 구분 | D14: 판매매수 | E14: 금액 | F14: 점유율
C15: 유료 | D15: 86 | E15: 496000 | F15: =G18/I13 -> 0.10207937
C16: 무료 | D16: 5
F17: 누계 총인원 | G17: 누계 총 금액 | H17: 누계 무료인원 | I17: 누계 유료인원
C18: 합계 | D18: =SUM(D15:D17) -> 91 | E18: =SUM(E15:E17) -> 496000 | F18: ='0321'!F18+'0322'!D18 -> 609 | G18: ='0321'!G18+'0322'!E18 -> 3215500 | H18: ='0321'!H18+'0322'!D16 -> 40 | I18: ='0321'!I18+'0322'!D15 -> 569
B19: 비고 | C19: 단체 명 무료 명

Sheet 0324
A1: 기획전시 판매현황 | H1: 팀 장
H3: 46105
A4: 1 | B4: 전시명 :
H5: 목표 매출액:
B6: 판매현황 | C6: 구분 | D6: 판매매수 | E6: 금액 | F6: 점유율
C7: 유료
C8: 무료
F9: 누계 총인원 | G9: 누계 총 금액 | H9: 누계 무료인원 | I9: 누계 유료인원
C10: 합계 | D10: =SUM(D7:D9) -> 0 | E10: =SUM(E7:E9) -> 0
B11: 비고 | C11: 단체 명 무료 명
A12: 2 | B12: 전시명 : | C12: 어린이미술전 <우리 SUM 타볼래> | F12: 전시일: | G12: 2026. 2. 27(금) ~ 6. 28(일)
H13: 목표 매출액: | I13: 31500000
B14: 판매현황 | C14: 구분 | D14: 판매매수 | E14: 금액 | F14: 점유율
C15: 유료 | D15: 10 | E15: 50000 | F15: =G18/I13 -> 0.10366667
C16: 무료
F17: 누계 총인원 | G17: 누계 총 금액 | H17: 누계 무료인원 | I17: 누계 유료인원
C18: 합계 | D18: =SUM(D15:D17) -> 10 | E18: =SUM(E15:E17) -> 50000 | F18: ='0322'!F18+'0324'!D18 -> 619 | G18: ='0322'!G18+'0324'!E18 -> 3265500 | H18: ='0322'!H18+'0324'!D16 -> 40 | I18: ='0322'!I18+'0324'!D15 -> 579
B19: 비고 | C19: 단체 명 무료 명

Sheet 0325
A1: 기획전시 판매현황 | H1: 팀 장
H3: 46106
A4: 1 | B4: 전시명 :
H5: 목표 매출액:
B6: 판매현황 | C6: 구분 | D6: 판매매수 | E6: 금액 | F6: 점유율
C7: 유료
C8: 무료
F9: 누계 총인원 | G9: 누계 총 금액 | H9: 누계 무료인원 | I9: 누계 유료인원
C10: 합계 | D10: =SUM(D7:D9) -> 0 | E10: =SUM(E7:E9) -> 0
B11: 비고 | C11: 단체 명 무료 명
A12: 2 | B12: 전시명 : | C12: 어린이미술전 <우리 SUM 타볼래> | F12: 전시일: | G12: 2026. 2. 27(금) ~ 6. 28(일)
H13: 목표 매출액: | I13: 31500000
B14: 판매현황 | C14: 구분 | D14: 판매매수 | E14: 금액 | F14: 점유율
C15: 유료 | D15: 2 | E15: 12000 | F15: =G18/I13 -> 0.10404762
C16: 무료 | D16: 2
F17: 누계 총인원 | G17: 누계 총 금액 | H17: 누계 무료인원 | I17: 누계 유료인원
C18: 합계 | D18: =SUM(D15:D17) -> 4 | E18: =SUM(E15:E17) -> 12000 | F18: ='0324'!F18+'0325'!D18 -> 623 | G18: ='0324'!G18+'0325'!E18 -> 3277500 | H18: ='0324'!H18+'0325'!D16 -> 42 | I18: ='0324'!I18+'0325'!D15 -> 581
B19: 비고 | C19: 단체 명 무료 2명

Sheet 0326
A1: 기획전시 판매현황 | H1: 팀 장
H3: 46107
A4: 1 | B4: 전시명 :
H5: 목표 매출액:
B6: 판매현황 | C6: 구분 | D6: 판매매수 | E6: 금액 | F6: 점유율
C7: 유료
C8: 무료
F9: 누계 총인원 | G9: 누계 총 금액 | H9: 누계 무료인원 | I9: 누계 유료인원
C10: 합계 | D10: =SUM(D7:D9) -> 0 | E10: =SUM(E7:E9) -> 0
B11: 비고 | C11: 단체 명 무료 명
A12: 2 | B12: 전시명 : | C12: 어린이미술전 <우리 SUM 타볼래> | F12: 전시일: | G12: 2026. 2. 27(금) ~ 6. 28(일)
H13: 목표 매출액: | I13: 31500000
B14: 판매현황 | C14: 구분 | D14: 판매매수 | E14: 금액 | F14: 점유율
C15: 유료 | D15: 4 | E15: 22000 | F15: =G18/I13 -> 0.10474603
C16: 무료 | D16: 1
F17: 누계 총인원 | G17: 누계 총 금액 | H17: 누계 무료인원 | I17: 누계 유료인원
C18: 합계 | D18: =SUM(D15:D17) -> 5 | E18: =SUM(E15:E17) -> 22000 | F18: ='0325'!F18+'0326'!D18 -> 628 | G18: ='0325'!G18+'0326'!E18 -> 3299500 | H18: ='0325'!H18+'0326'!D16 -> 43 | I18: ='0325'!I18+'0326'!D15 -> 585
B19: 비고 | C19: 단체 명 무료 1명

Sheet 0327
A1: 기획전시 판매현황 | H1: 팀 장
H3: 46108
A4: 1 | B4: 전시명 : | C4: 섬냥이 in 장도 | F4: 전시일: | G4: 2026. 3. 27(금) ~ 6. 21(일)
H5: 목표 매출액: | I5: 10000000
B6: 판매현황 | C6: 구분 | D6: 판매매수 | E6: 금액 | F6: 점유율
C7: 유료 | D7: 2 | E7: 6000 | F7: =G10/I5 -> 0.0006
C8: 무료 | D8: 4
F9: 누계 총인원 | G9: 누계 총 금액 | H9: 누계 무료인원 | I9: 누계 유료인원
C10: 합계 | D10: =SUM(D7:D9) -> 6 | E10: =SUM(E7:E9) -> 6000 | F10: =D10 -> 6 | G10: =E10 -> 6000 | H10: =D8 -> 4 | I10: =D7 -> 2
B11: 비고 | C11: 단체 명 무료 4명
A12: 2 | B12: 전시명 : | C12: 어린이미술전 <우리 SUM 타볼래> | F12: 전시일: | G12: 2026. 2. 27(금) ~ 6. 28(일)
H13: 목표 매출액: | I13: 31500000
B14: 판매현황 | C14: 구분 | D14: 판매매수 | E14: 금액 | F14: 점유율
C15: 유료 | D15: 8 | E15: 48000 | F15: =G18/I13 -> 0.10626984
C16: 무료 | D16: 3
F17: 누계 총인원 | G17: 누계 총 금액 | H17: 누계 무료인원 | I17: 누계 유료인원
C18: 합계 | D18: =SUM(D15:D17) -> 11 | E18: =SUM(E15:E17) -> 48000 | F18: ='0326'!F18+'0327'!D18 -> 639 | G18: ='0326'!G18+'0327'!E18 -> 3347500 | H18: ='0326'!H18+'0327'!D16 -> 46 | I18: ='0326'!I18+'0327'!D15 -> 593
B19: 비고 | C19: 단체 명 무료 3명

Sheet 0328
A1: 기획전시 판매현황 | H1: 팀 장
H3: 46109
A4: 1 | B4: 전시명 : | C4: 섬냥이 in 장도 | F4: 전시일: | G4: 2026. 3. 27(금) ~ 6. 21(일)
H5: 목표 매출액: | I5: 10000000
B6: 판매현황 | C6: 구분 | D6: 판매매수 | E6: 금액 | F6: 점유율
C7: 유료 | D7: 89 | E7: 267000 | F7: =G10/I5 -> 0.0273
C8: 무료 | D8: 0
F9: 누계 총인원 | G9: 누계 총 금액 | H9: 누계 무료인원 | I9: 누계 유료인원
C10: 합계 | D10: =SUM(D7:D9) -> 89 | E10: =SUM(E7:E9) -> 267000 | F10: ='0327'!F10+'0328'!D10 -> 95 | G10: ='0327'!G10+'0328'!E10 -> 273000 | H10: ='0327'!H10+'0328'!D8 -> 4 | I10: ='0327'!I10+'0328'!D7 -> 91
B11: 비고 | C11: 단체 명 무료 명
A12: 2 | B12: 전시명 : | C12: 어린이미술전 <우리 SUM 타볼래> | F12: 전시일: | G12: 2026. 2. 27(금) ~ 6. 28(일)
H13: 목표 매출액: | I13: 31500000
B14: 판매현황 | C14: 구분 | D14: 판매매수 | E14: 금액 | F14: 점유율
C15: 유료 | D15: 54 | E15: 318000 | F15: =G18/I13 -> 0.11636508
C16: 무료 | D16: 4
F17: 누계 총인원 | G17: 누계 총 금액 | H17: 누계 무료인원 | I17: 누계 유료인원
C18: 합계 | D18: =SUM(D15:D17) -> 58 | E18: =SUM(E15:E17) -> 318000 | F18: ='0327'!F18+'0328'!D18 -> 697 | G18: ='0327'!G18+'0328'!E18 -> 3665500 | H18: ='0327'!H18+'0328'!D16 -> 50 | I18: ='0327'!I18+'0328'!D15 -> 647
B19: 비고 | C19: 단체 명 무료 4명

Sheet 0329
A1: 기획전시 판매현황 | H1: 팀 장
H3: 46110
A4: 1 | B4: 전시명 : | C4: 섬냥이 in 장도 | F4: 전시일: | G4: 2026. 3. 27(금) ~ 6. 21(일)
H5: 목표 매출액: | I5: 10000000
B6: 판매현황 | C6: 구분 | D6: 판매매수 | E6: 금액 | F6: 점유율
C7: 유료 | D7: 63 | E7: 189000 | F7: =G10/I5 -> 0.0462
C8: 무료 | D8: 0
F9: 누계 총인원 | G9: 누계 총 금액 | H9: 누계 무료인원 | I9: 누계 유료인원
C10: 합계 | D10: =SUM(D7:D9) -> 63 | E10: =SUM(E7:E9) -> 189000 | F10: ='0328'!F10+'0329'!D10 -> 158 | G10: ='0328'!G10+'0329'!E10 -> 462000 | H10: ='0328'!H10+'0329'!D8 -> 4 | I10: ='0328'!I10+'0329'!D7 -> 154
B11: 비고 | C11: 단체 명 무료 명
A12: 2 | B12: 전시명 : | C12: 어린이미술전 <우리 SUM 타볼래> | F12: 전시일: | G12: 2026. 2. 27(금) ~ 6. 28(일)
H13: 목표 매출액: | I13: 31500000
B14: 판매현황 | C14: 구분 | D14: 판매매수 | E14: 금액 | F14: 점유율
C15: 유료 | D15: 32 | E15: 170000 | F15: =G18/I13 -> 0.1217619
C16: 무료 | D16: 1
F17: 누계 총인원 | G17: 누계 총 금액 | H17: 누계 무료인원 | I17: 누계 유료인원
C18: 합계 | D18: =SUM(D15:D17) -> 33 | E18: =SUM(E15:E17) -> 170000 | F18: ='0328'!F18+'0329'!D18 -> 730 | G18: ='0328'!G18+'0329'!E18 -> 3835500 | H18: ='0328'!H18+'0329'!D16 -> 51 | I18: 96
B19: 비고 | C19: 단체 명 무료 1명

Sheet 0331
A1: 기획전시 판매현황 | H1: 팀 장
H3: 46112
A4: 1 | B4: 전시명 : | C4: 섬냥이 in 장도 | F4: 전시일: | G4: 2026. 3. 27(금) ~ 6. 21(일)
H5: 목표 매출액: | I5: 10000000
B6: 판매현황 | C6: 구분 | D6: 판매매수 | E6: 금액 | F6: 점유율
C7: 유료 | D7: 8 | E7: 24000 | F7: =G10/I5 -> 0.0486
C8: 무료 | D8: 0
F9: 누계 총인원 | G9: 누계 총 금액 | H9: 누계 무료인원 | I9: 누계 유료인원
C10: 합계 | D10: =SUM(D7:D9) -> 8 | E10: =SUM(E7:E9) -> 24000 | F10: ='0329'!F10+'0331'!D10 -> 166 | G10: ='0329'!G10+'0331'!E10 -> 486000 | H10: ='0329'!H10+'0331'!D8 -> 4 | I10: ='0329'!I10+'0331'!D7 -> 162
B11: 비고 | C11: 단체 명 무료 명
A12: 2 | B12: 전시명 : | C12: 어린이미술전 <우리 SUM 타볼래> | F12: 전시일: | G12: 2026. 2. 27(금) ~ 6. 28(일)
H13: 목표 매출액: | I13: 31500000
B14: 판매현황 | C14: 구분 | D14: 판매매수 | E14: 금액 | F14: 점유율
C15: 유료 | D15: 5 | E15: 27000 | F15: =G18/I13 -> 0.12261905
C16: 무료 | D16: 1
F17: 누계 총인원 | G17: 누계 총 금액 | H17: 누계 무료인원 | I17: 누계 유료인원
C18: 합계 | D18: =SUM(D15:D17) -> 6 | E18: =SUM(E15:E17) -> 27000 | F18: ='0329'!F18+'0331'!D18 -> 736 | G18: ='0329'!G18+'0331'!E18 -> 3862500 | H18: ='0329'!H18+'0331'!D16 -> 52 | I18: ='0329'!I18+'0331'!D15 -> 101
B19: 비고 | C19: 단체 명 무료 명

Sheet 0401
A1: 기획전시 판매현황 | H1: 팀 장
H3: 46113
A4: 1 | B4: 전시명 : | C4: 섬냥이 in 장도 | F4: 전시일: | G4: 2026. 3. 27(금) ~ 6. 21(일)
H5: 목표 매출액: | I5: 10000000
B6: 판매현황 | C6: 구분 | D6: 판매매수 | E6: 금액 | F6: 점유율
C7: 유료 | D7: 9 | E7: 27000 | F7: =G10/I5 -> 0.0513
C8: 무료 | D8: 0
F9: 누계 총인원 | G9: 누계 총 금액 | H9: 누계 무료인원 | I9: 누계 유료인원
C10: 합계 | D10: =SUM(D7:D9) -> 9 | E10: =SUM(E7:E9) -> 27000 | F10: ='0331'!F10+'0401'!D10 -> 175 | G10: ='0331'!G10+'0401'!E10 -> 513000 | H10: ='0331'!H10+'0401'!D8 -> 4 | I10: ='0331'!I10+'0401'!D7 -> 171
B11: 비고 | C11: 단체 명 무료 명
A12: 2 | B12: 전시명 : | C12: 어린이미술전 <우리 SUM 타볼래> | F12: 전시일: | G12: 2026. 2. 27(금) ~ 6. 28(일)
H13: 목표 매출액: | I13: 31500000
B14: 판매현황 | C14: 구분 | D14: 판매매수 | E14: 금액 | F14: 점유율
C15: 유료 | D15: 5 | E15: 29000 | F15: =G18/I13 -> 0.12353968
C16: 무료 | D16: 0
F17: 누계 총인원 | G17: 누계 총 금액 | H17: 누계 무료인원 | I17: 누계 유료인원
C18: 합계 | D18: =SUM(D15:D17) -> 5 | E18: =SUM(E15:E17) -> 29000 | F18: ='0331'!F18+'0401'!D18 -> 741 | G18: ='0331'!G18+'0401'!E18 -> 3891500 | H18: ='0331'!H18+'0401'!D16 -> 52 | I18: ='0331'!I18+'0401'!D15 -> 106
B19: 비고 | C19: 단체 명 무료 명

Sheet 0402
A1: 기획전시 판매현황 | H1: 팀 장
H3: 46114
A4: 1 | B4: 전시명 : | C4: 섬냥이 in 장도 | F4: 전시일: | G4: 2026. 3. 27(금) ~ 6. 21(일)
H5: 목표 매출액: | I5: 10000000
B6: 판매현황 | C6: 구분 | D6: 판매매수 | E6: 금액 | F6: 점유율
C7: 유료 | D7: 12 | E7: 36000 | F7: =G10/I5 -> 0.0549
C8: 무료 | D8: 1
F9: 누계 총인원 | G9: 누계 총 금액 | H9: 누계 무료인원 | I9: 누계 유료인원
C10: 합계 | D10: =SUM(D7:D9) -> 13 | E10: =SUM(E7:E9) -> 36000 | F10: ='0401'!F10+'0402'!D10 -> 188 | G10: ='0401'!G10+'0402'!E10 -> 549000 | H10: ='0401'!H10+'0402'!D8 -> 5 | I10: ='0401'!I10+'0402'!D7 -> 183
B11: 비고 | C11: 단체 명 무료 1명
A12: 2 | B12: 전시명 : | C12: 어린이미술전 <우리 SUM 타볼래> | F12: 전시일: | G12: 2026. 2. 27(금) ~ 6. 28(일)
H13: 목표 매출액: | I13: 31500000
B14: 판매현황 | C14: 구분 | D14: 판매매수 | E14: 금액 | F14: 점유율
C15: 유료 | D15: 16 | E15: 84000 | F15: =G18/I13 -> 0.12620635
C16: 무료 | D16: 1
F17: 누계 총인원 | G17: 누계 총 금액 | H17: 누계 무료인원 | I17: 누계 유료인원
C18: 합계 | D18: =SUM(D15:D17) -> 17 | E18: =SUM(E15:E17) -> 84000 | F18: ='0401'!F18+'0402'!D18 -> 758 | G18: ='0401'!G18+'0402'!E18 -> 3975500 | H18: ='0401'!H18+'0402'!D16 -> 53 | I18: ='0401'!I18+'0402'!D15 -> 122
B19: 비고 | C19: 단체 명 무료 1명

Sheet 0403
A1: 기획전시 판매현황 | H1: 팀 장
H3: 46115
A4: 1 | B4: 전시명 : | C4: 섬냥이 in 장도 | F4: 전시일: | G4: 2026. 3. 27(금) ~ 6. 21(일)
H5: 목표 매출액: | I5: 10000000
B6: 판매현황 | C6: 구분 | D6: 판매매수 | E6: 금액 | F6: 점유율
C7: 유료 | D7: 37 | E7: 111000 | F7: =G10/I5 -> 0.066
C8: 무료 | D8: 0
F9: 누계 총인원 | G9: 누계 총 금액 | H9: 누계 무료인원 | I9: 누계 유료인원
C10: 합계 | D10: =SUM(D7:D9) -> 37 | E10: =SUM(E7:E9) -> 111000 | F10: ='0402'!F10+'0403'!D10 -> 225 | G10: ='0402'!G10+'0403'!E10 -> 660000 | H10: ='0402'!H10+'0403'!D8 -> 5 | I10: ='0402'!I10+'0403'!D7 -> 220
B11: 비고 | C11: 단체 10명 무료 명
A12: 2 | B12: 전시명 : | C12: 어린이미술전 <우리 SUM 타볼래> | F12: 전시일: | G12: 2026. 2. 27(금) ~ 6. 28(일)
H13: 목표 매출액: | I13: 31500000
B14: 판매현황 | C14: 구분 | D14: 판매매수 | E14: 금액 | F14: 점유율
C15: 유료 | D15: 14 | E15: 72000 | F15: =G18/I13 -> 0.12849206
C16: 무료 | D16: 3
F17: 누계 총인원 | G17: 누계 총 금액 | H17: 누계 무료인원 | I17: 누계 유료인원
C18: 합계 | D18: =SUM(D15:D17) -> 17 | E18: =SUM(E15:E17) -> 72000 | F18: ='0402'!F18+'0403'!D18 -> 775 | G18: ='0402'!G18+'0403'!E18 -> 4047500 | H18: ='0402'!H18+'0403'!D16 -> 56 | I18: ='0402'!I18+'0403'!D15 -> 136
B19: 비고 | C19: 단체 10명 무료 3명

Sheet 0404
A1: 기획전시 판매현황 | H1: 팀 장
H3: 46116
A4: 1 | B4: 전시명 : | C4: 섬냥이 in 장도 | F4: 전시일: | G4: 2026. 3. 27(금) ~ 6. 21(일)
H5: 목표 매출액: | I5: 10000000
B6: 판매현황 | C6: 구분 | D6: 판매매수 | E6: 금액 | F6: 점유율
C7: 유료 | D7: 65 | E7: 195000 | F7: =G10/I5 -> 0.0855
C8: 무료 | D8: 1
F9: 누계 총인원 | G9: 누계 총 금액 | H9: 누계 무료인원 | I9: 누계 유료인원
C10: 합계 | D10: =SUM(D7:D9) -> 66 | E10: =SUM(E7:E9) -> 195000 | F10: ='0403'!F10+'0404'!D10 -> 291 | G10: ='0403'!G10+'0404'!E10 -> 855000 | H10: ='0403'!H10+'0404'!D8 -> 6 | I10: ='0403'!I10+'0404'!D7 -> 285
B11: 비고 | C11: 단체 명 무료 1명
A12: 2 | B12: 전시명 : | C12: 어린이미술전 <우리 SUM 타볼래> | F12: 전시일: | G12: 2026. 2. 27(금) ~ 6. 28(일)
H13: 목표 매출액: | I13: 31500000
B14: 판매현황 | C14: 구분 | D14: 판매매수 | E14: 금액 | F14: 점유율
C15: 유료 | D15: 53 | E15: 299000 | F15: =G18/I13 -> 0.13798413
C16: 무료 | D16: 1
F17: 누계 총인원 | G17: 누계 총 금액 | H17: 누계 무료인원 | I17: 누계 유료인원
C18: 합계 | D18: =SUM(D15:D17) -> 54 | E18: =SUM(E15:E17) -> 299000 | F18: ='0403'!F18+'0404'!D18 -> 829 | G18: ='0403'!G18+'0404'!E18 -> 4346500 | H18: ='0403'!H18+'0404'!D16 -> 57 | I18: ='0403'!I18+'0404'!D15 -> 189
B19: 비고 | C19: 단체 명 무료 1명

Sheet 0405
A1: 기획전시 판매현황 | H1: 팀 장
H3: 46117
A4: 1 | B4: 전시명 : | C4: 섬냥이 in 장도 | F4: 전시일: | G4: 2026. 3. 27(금) ~ 6. 21(일)
H5: 목표 매출액: | I5: 10000000
B6: 판매현황 | C6: 구분 | D6: 판매매수 | E6: 금액 | F6: 점유율
C7: 유료 | D7: 66 | E7: 198000 | F7: =G10/I5 -> 0.1053
C8: 무료 | D8: 0
F9: 누계 총인원 | G9: 누계 총 금액 | H9: 누계 무료인원 | I9: 누계 유료인원
C10: 합계 | D10: =SUM(D7:D9) -> 66 | E10: =SUM(E7:E9) -> 198000 | F10: ='0404'!F10+'0405'!D10 -> 357 | G10: ='0404'!G10+'0405'!E10 -> 1053000 | H10: ='0404'!H10+'0405'!D8 -> 6 | I10: ='0404'!I10+'0405'!D7 -> 351
B11: 비고 | C11: 단체 명 무료 명
A12: 2 | B12: 전시명 : | C12: 어린이미술전 <우리 SUM 타볼래> | F12: 전시일: | G12: 2026. 2. 27(금) ~ 6. 28(일)
H13: 목표 매출액: | I13: 31500000
B14: 판매현황 | C14: 구분 | D14: 판매매수 | E14: 금액 | F14: 점유율
C15: 유료 | D15: 62 | E15: 366000 | F15: =G18/I13 -> 0.14960317
C16: 무료 | D16: 3
F17: 누계 총인원 | G17: 누계 총 금액 | H17: 누계 무료인원 | I17: 누계 유료인원
C18: 합계 | D18: =SUM(D15:D17) -> 65 | E18: =SUM(E15:E17) -> 366000 | F18: ='0404'!F18+'0405'!D18 -> 894 | G18: ='0404'!G18+'0405'!E18 -> 4712500 | H18: ='0404'!H18+'0405'!D16 -> 60 | I18: ='0404'!I18+'0405'!D15 -> 251
B19: 비고 | C19: 단체 명 무료 3명

Sheet 0407
A1: 기획전시 판매현황 | H1: 팀 장
H3: 46119
A4: 1 | B4: 전시명 : | C4: 섬냥이 in 장도 | F4: 전시일: | G4: 2026. 3. 27(금) ~ 6. 21(일)
H5: 목표 매출액: | I5: 10000000
B6: 판매현황 | C6: 구분 | D6: 판매매수 | E6: 금액 | F6: 점유율
C7: 유료 | D7: 54 | E7: 162000 | F7: =G10/I5 -> 0.1215
C8: 무료 | D8: 0
F9: 누계 총인원 | G9: 누계 총 금액 | H9: 누계 무료인원 | I9: 누계 유료인원
C10: 합계 | D10: =SUM(D7:D9) -> 54 | E10: =SUM(E7:E9) -> 162000 | F10: ='0405'!F10+'0407'!D10 -> 411 | G10: ='0405'!G10+'0407'!E10 -> 1215000 | H10: ='0405'!H10+'0407'!D8 -> 6 | I10: ='0405'!I10+'0407'!D7 -> 405
B11: 비고 | C11: 단체 38명 무료 명
A12: 2 | B12: 전시명 : | C12: 어린이미술전 <우리 SUM 타볼래> | F12: 전시일: | G12: 2026. 2. 27(금) ~ 6. 28(일)
H13: 목표 매출액: | I13: 31500000
B14: 판매현황 | C14: 구분 | D14: 판매매수 | E14: 금액 | F14: 점유율
C15: 유료 | D15: 50 | E15: 231000 | F15: =G18/I13 -> 0.15693651
C16: 무료 | D16: 0
F17: 누계 총인원 | G17: 누계 총 금액 | H17: 누계 무료인원 | I17: 누계 유료인원
C18: 합계 | D18: =SUM(D15:D17) -> 50 | E18: =SUM(E15:E17) -> 231000 | F18: ='0405'!F18+'0407'!D18 -> 944 | G18: ='0405'!G18+'0407'!E18 -> 4943500 | H18: ='0405'!H18+'0407'!D16 -> 60 | I18: ='0405'!I18+'0407'!D15 -> 301
B19: 비고 | C19: 단체 48명 무료 명

Sheet 0408
A1: 기획전시 판매현황 | H1: 팀 장
H3: 46120
A4: 1 | B4: 전시명 : | C4: 섬냥이 in 장도 | F4: 전시일: | G4: 2026. 3. 27(금) ~ 6. 21(일)
H5: 목표 매출액: | I5: 10000000
B6: 판매현황 | C6: 구분 | D6: 판매매수 | E6: 금액 | F6: 점유율
C7: 유료 | D7: 39 | E7: 117000 | F7: =G10/I5 -> 0.1332
C8: 무료 | D8: 2
F9: 누계 총인원 | G9: 누계 총 금액 | H9: 누계 무료인원 | I9: 누계 유료인원
C10: 합계 | D10: =SUM(D7:D9) -> 41 | E10: =SUM(E7:E9) -> 117000 | F10: ='0407'!F10+'0408'!D10 -> 452 | G10: ='0407'!G10+'0408'!E10 -> 1332000 | H10: ='0407'!H10+'0408'!D8 -> 8 | I10: ='0407'!I10+'0408'!D7 -> 444
B11: 비고 | C11: 단체 17명 무료 2명
A12: 2 | B12: 전시명 : | C12: 어린이미술전 <우리 SUM 타볼래> | F12: 전시일: | G12: 2026. 2. 27(금) ~ 6. 28(일)
H13: 목표 매출액: | I13: 31500000
B14: 판매현황 | C14: 구분 | D14: 판매매수 | E14: 금액 | F14: 점유율
C15: 유료 | D15: 53 | E15: 243500 | F15: =G18/I13 -> 0.16466667
C16: 무료 | D16: 3
F17: 누계 총인원 | G17: 누계 총 금액 | H17: 누계 무료인원 | I17: 누계 유료인원
C18: 합계 | D18: =SUM(D15:D17) -> 56 | E18: =SUM(E15:E17) -> 243500 | F18: ='0407'!F18+'0408'!D18 -> 1000 | G18: ='0407'!G18+'0408'!E18 -> 5187000 | H18: ='0407'!H18+'0408'!D16 -> 63 | I18: ='0407'!I18+'0408'!D15 -> 354
B19: 비고 | C19: 단체 47명 무료 3명

Sheet 0409
A1: 기획전시 판매현황 | H1: 팀 장
H3: 46121
A4: 1 | B4: 전시명 : | C4: 섬냥이 in 장도 | F4: 전시일: | G4: 2026. 3. 27(금) ~ 6. 21(일)
H5: 목표 매출액: | I5: 10000000
B6: 판매현황 | C6: 구분 | D6: 판매매수 | E6: 금액 | F6: 점유율
C7: 유료 | D7: 1 | E7: 3000 | F7: =G10/I5 -> 0.1335
C8: 무료 | D8: 0
F9: 누계 총인원 | G9: 누계 총 금액 | H9: 누계 무료인원 | I9: 누계 유료인원
C10: 합계 | D10: =SUM(D7:D9) -> 1 | E10: =SUM(E7:E9) -> 3000 | F10: ='0408'!F10+'0409'!D10 -> 453 | G10: ='0408'!G10+'0409'!E10 -> 1335000 | H10: ='0408'!H10+'0409'!D8 -> 8 | I10: ='0408'!I10+'0409'!D7 -> 445
B11: 비고 | C11: 단체 명 무료 명
A12: 2 | B12: 전시명 : | C12: 어린이미술전 <우리 SUM 타볼래> | F12: 전시일: | G12: 2026. 2. 27(금) ~ 6. 28(일)
H13: 목표 매출액: | I13: 31500000
B14: 판매현황 | C14: 구분 | D14: 판매매수 | E14: 금액 | F14: 점유율
C15: 유료 | D15: 15 | E15: 97000 | F15: =G18/I13 -> 0.16774603
C16: 무료 | D16: 2
F17: 누계 총인원 | G17: 누계 총 금액 | H17: 누계 무료인원 | I17: 누계 유료인원
C18: 합계 | D18: =SUM(D15:D17) -> 17 | E18: =SUM(E15:E17) -> 97000 | F18: ='0408'!F18+'0409'!D18 -> 1017 | G18: ='0408'!G18+'0409'!E18 -> 5284000 | H18: ='0408'!H18+'0409'!D16 -> 65 | I18: ='0408'!I18+'0409'!D15 -> 369
B19: 비고 | C19: 단체 12명 무료 2명 | F19: 브런치 콘서트 전시 패키지 10명 관람

Sheet 0410
A1: 기획전시 판매현황 | H1: 팀 장
H3: 46122
A4: 1 | B4: 전시명 : | C4: 섬냥이 in 장도 | F4: 전시일: | G4: 2026. 3. 27(금) ~ 6. 21(일)
H5: 목표 매출액: | I5: 10000000
B6: 판매현황 | C6: 구분 | D6: 판매매수 | E6: 금액 | F6: 점유율
C7: 유료 | D7: 25 | E7: 75000 | F7: =G10/I5 -> 0.141
C8: 무료 | D8: 5
F9: 누계 총인원 | G9: 누계 총 금액 | H9: 누계 무료인원 | I9: 누계 유료인원
C10: 합계 | D10: =SUM(D7:D9) -> 30 | E10: =SUM(E7:E9) -> 75000 | F10: ='0409'!F10+'0410'!D10 -> 483 | G10: ='0409'!G10+'0410'!E10 -> 1410000 | H10: ='0409'!H10+'0410'!D8 -> 13 | I10: ='0409'!I10+'0410'!D7 -> 470
B11: 비고 | C11: 단체 명 무료 5명
A12: 2 | B12: 전시명 : | C12: 어린이미술전 <우리 SUM 타볼래> | F12: 전시일: | G12: 2026. 2. 27(금) ~ 6. 28(일)
H13: 목표 매출액: | I13: 31500000
B14: 판매현황 | C14: 구분 | D14: 판매매수 | E14: 금액 | F14: 점유율
C15: 유료 | D15: 8 | E15: 42000 | F15: =G18/I13 -> 0.16907937
C16: 무료 | D16: 0
F17: 누계 총인원 | G17: 누계 총 금액 | H17: 누계 무료인원 | I17: 누계 유료인원
C18: 합계 | D18: =SUM(D15:D17) -> 8 | E18: =SUM(E15:E17) -> 42000 | F18: ='0409'!F18+'0410'!D18 -> 1025 | G18: ='0409'!G18+'0410'!E18 -> 5326000 | H18: ='0409'!H18+'0410'!D16 -> 65 | I18: ='0409'!I18+'0410'!D15 -> 377
B19: 비고 | C19: 단체 명 무료 명

Sheet 0411
A1: 기획전시 판매현황 | H1: 팀 장
H3: 46123
A4: 1 | B4: 전시명 : | C4: 섬냥이 in 장도 | F4: 전시일: | G4: 2026. 3. 27(금) ~ 6. 21(일)
H5: 목표 매출액: | I5: 10000000
B6: 판매현황 | C6: 구분 | D6: 판매매수 | E6: 금액 | F6: 점유율
C7: 유료 | D7: 88 | E7: 264000 | F7: =G10/I5 -> 0.1674
C8: 무료 | D8: 1
F9: 누계 총인원 | G9: 누계 총 금액 | H9: 누계 무료인원 | I9: 누계 유료인원
C10: 합계 | D10: =SUM(D7:D9) -> 89 | E10: =SUM(E7:E9) -> 264000 | F10: ='0410'!F10+'0411'!D10 -> 572 | G10: ='0410'!G10+'0411'!E10 -> 1674000 | H10: ='0410'!H10+'0411'!D8 -> 14 | I10: ='0410'!I10+'0411'!D7 -> 558
B11: 비고 | C11: 단체 16명 무료 1명
A12: 2 | B12: 전시명 : | C12: 어린이미술전 <우리 SUM 타볼래> | F12: 전시일: | G12: 2026. 2. 27(금) ~ 6. 28(일)
H13: 목표 매출액: | I13: 31500000
B14: 판매현황 | C14: 구분 | D14: 판매매수 | E14: 금액 | F14: 점유율
C15: 유료 | D15: 59 | E15: 323000 | F15: =G18/I13 -> 0.17933333
C16: 무료 | D16: 4
F17: 누계 총인원 | G17: 누계 총 금액 | H17: 누계 무료인원 | I17: 누계 유료인원
C18: 합계 | D18: =SUM(D15:D17) -> 63 | E18: =SUM(E15:E17) -> 323000 | F18: ='0410'!F18+'0411'!D18 -> 1088 | G18: ='0410'!G18+'0411'!E18 -> 5649000 | H18: ='0410'!H18+'0411'!D16 -> 69 | I18: ='0410'!I18+'0411'!D15 -> 436
B19: 비고 | C19: 단체 명 무료 4명

Sheet 0412
A1: 기획전시 판매현황 | H1: 팀 장
H3: 46124
A4: 1 | B4: 전시명 : | C4: 섬냥이 in 장도 | F4: 전시일: | G4: 2026. 3. 27(금) ~ 6. 21(일)
H5: 목표 매출액: | I5: 10000000
B6: 판매현황 | C6: 구분 | D6: 판매매수 | E6: 금액 | F6: 점유율
C7: 유료 | D7: 61 | E7: 183000 | F7: =G10/I5 -> 0.1857
C8: 무료 | D8: 2
F9: 누계 총인원 | G9: 누계 총 금액 | H9: 누계 무료인원 | I9: 누계 유료인원
C10: 합계 | D10: =SUM(D7:D9) -> 63 | E10: =SUM(E7:E9) -> 183000 | F10: ='0411'!F10+'0412'!D10 -> 635 | G10: ='0411'!G10+'0412'!E10 -> 1857000 | H10: ='0411'!H10+'0412'!D8 -> 16 | I10: ='0411'!I10+'0412'!D7 -> 619
B11: 비고 | C11: 단체 명 무료 2명
A12: 2 | B12: 전시명 : | C12: 어린이미술전 <우리 SUM 타볼래> | F12: 전시일: | G12: 2026. 2. 27(금) ~ 6. 28(일)
H13: 목표 매출액: | I13: 31500000
B14: 판매현황 | C14: 구분 | D14: 판매매수 | E14: 금액 | F14: 점유율
C15: 유료 | D15: 34 | E15: 194000 | F15: =G18/I13 -> 0.18549206
C16: 무료 | D16: 12
F17: 누계 총인원 | G17: 누계 총 금액 | H17: 누계 무료인원 | I17: 누계 유료인원
C18: 합계 | D18: =SUM(D15:D17) -> 46 | E18: =SUM(E15:E17) -> 194000 | F18: ='0411'!F18+'0412'!D18 -> 1134 | G18: ='0411'!G18+'0412'!E18 -> 5843000 | H18: ='0411'!H18+'0412'!D16 -> 81 | I18: ='0411'!I18+'0412'!D15 -> 470
B19: 비고 | C19: 단체 명 무료 12명

Sheet 0414
A1: 기획전시 판매현황 | H1: 팀 장
H3: 46126
A4: 1 | B4: 전시명 : | C4: 섬냥이 in 장도 | F4: 전시일: | G4: 2026. 3. 27(금) ~ 6. 21(일)
H5: 목표 매출액: | I5: 10000000
B6: 판매현황 | C6: 구분 | D6: 판매매수 | E6: 금액 | F6: 점유율
C7: 유료 | D7: 8 | E7: 24000 | F7: =G10/I5 -> 0.1881
C8: 무료
F9: 누계 총인원 | G9: 누계 총 금액 | H9: 누계 무료인원 | I9: 누계 유료인원
C10: 합계 | D10: =SUM(D7:D9) -> 8 | E10: =SUM(E7:E9) -> 24000 | F10: ='0412'!F10+'0414'!D10 -> 643 | G10: ='0412'!G10+'0414'!E10 -> 1881000 | H10: ='0412'!H10+'0414'!D8 -> 16 | I10: ='0412'!I10+'0414'!D7 -> 627
B11: 비고 | C11: 단체 명 무료 명
A12: 2 | B12: 전시명 : | C12: 어린이미술전 <우리 SUM 타볼래> | F12: 전시일: | G12: 2026. 2. 27(금) ~ 6. 28(일)
H13: 목표 매출액: | I13: 31500000
B14: 판매현황 | C14: 구분 | D14: 판매매수 | E14: 금액 | F14: 점유율
C15: 유료 | D15: 3 | E15: 19000 | F15: =G18/I13 -> 0.18609524
C16: 무료
F17: 누계 총인원 | G17: 누계 총 금액 | H17: 누계 무료인원 | I17: 누계 유료인원
C18: 합계 | D18: =SUM(D15:D17) -> 3 | E18: =SUM(E15:E17) -> 19000 | F18: ='0412'!F18+'0414'!D18 -> 1137 | G18: ='0412'!G18+'0414'!E18 -> 5862000 | H18: ='0412'!H18+'0414'!D16 -> 81 | I18: ='0412'!I18+'0414'!D15 -> 473
B19: 비고 | C19: 단체 명 무료 명

Sheet 0415
A1: 기획전시 판매현황 | H1: 팀 장
H3: 46127
A4: 1 | B4: 전시명 : | C4: 섬냥이 in 장도 | F4: 전시일: | G4: 2026. 3. 27(금) ~ 6. 21(일)
H5: 목표 매출액: | I5: 10000000
B6: 판매현황 | C6: 구분 | D6: 판매매수 | E6: 금액 | F6: 점유율
C7: 유료 | D7: 23 | E7: 69000 | F7: =G10/I5 -> 0.195
C8: 무료 | D8: 0
F9: 누계 총인원 | G9: 누계 총 금액 | H9: 누계 무료인원 | I9: 누계 유료인원
C10: 합계 | D10: =SUM(D7:D9) -> 23 | E10: =SUM(E7:E9) -> 69000 | F10: ='0414'!F10+'0415'!D10 -> 666 | G10: ='0414'!G10+'0415'!E10 -> 1950000 | H10: ='0414'!H10+'0415'!D8 -> 16 | I10: ='0414'!I10+'0415'!D7 -> 650
B11: 비고 | C11: 단체 명 무료 명
A12: 2 | B12: 전시명 : | C12: 어린이미술전 <우리 SUM 타볼래> | F12: 전시일: | G12: 2026. 2. 27(금) ~ 6. 28(일)
H13: 목표 매출액: | I13: 31500000
B14: 판매현황 | C14: 구분 | D14: 판매매수 | E14: 금액 | F14: 점유율
C15: 유료 | D15: 85 | E15: 461000 | F15: =G18/I13 -> 0.20073016
C16: 무료 | D16: 3
F17: 누계 총인원 | G17: 누계 총 금액 | H17: 누계 무료인원 | I17: 누계 유료인원
C18: 합계 | D18: =SUM(D15:D17) -> 88 | E18: =SUM(E15:E17) -> 461000 | F18: ='0414'!F18+'0415'!D18 -> 1225 | G18: ='0414'!G18+'0415'!E18 -> 6323000 | H18: ='0414'!H18+'0415'!D16 -> 84 | I18: ='0414'!I18+'0415'!D15 -> 558
B19: 비고 | C19: 단체 83명 무료 3명

Sheet 0416
A1: 기획전시 판매현황 | H1: 팀 장
H3: 46128
A4: 1 | B4: 전시명 : | C4: 섬냥이 in 장도 | F4: 전시일: | G4: 2026. 3. 27(금) ~ 6. 21(일)
H5: 목표 매출액: | I5: 10000000
B6: 판매현황 | C6: 구분 | D6: 판매매수 | E6: 금액 | F6: 점유율
C7: 유료 | D7: 41 | E7: 123000 | F7: =G10/I5 -> 0.2073
C8: 무료 | D8: 3
F9: 누계 총인원 | G9: 누계 총 금액 | H9: 누계 무료인원 | I9: 누계 유료인원
C10: 합계 | D10: =SUM(D7:D9) -> 44 | E10: =SUM(E7:E9) -> 123000 | F10: ='0415'!F10+'0416'!D10 -> 710 | G10: ='0415'!G10+'0416'!E10 -> 2073000 | H10: ='0415'!H10+'0416'!D8 -> 19 | I10: ='0415'!I10+'0416'!D7 -> 691
B11: 비고 | C11: 단체 21명 무료 3명
A12: 2 | B12: 전시명 : | C12: 어린이미술전 <우리 SUM 타볼래> | F12: 전시일: | G12: 2026. 2. 27(금) ~ 6. 28(일)
H13: 목표 매출액: | I13: 31500000
B14: 판매현황 | C14: 구분 | D14: 판매매수 | E14: 금액 | F14: 점유율
C15: 유료 | D15: 5 | E15: 29000 | F15: =G18/I13 -> 0.20165079
C16: 무료 | D16: 3
F17: 누계 총인원 | G17: 누계 총 금액 | H17: 누계 무료인원 | I17: 누계 유료인원
C18: 합계 | D18: =SUM(D15:D17) -> 8 | E18: =SUM(E15:E17) -> 29000 | F18: ='0415'!F18+'0416'!D18 -> 1233 | G18: ='0415'!G18+'0416'!E18 -> 6352000 | H18: ='0415'!H18+'0416'!D16 -> 87 | I18: ='0415'!I18+'0416'!D15 -> 563
B19: 비고 | C19: 단체 명 무료 3명

Sheet 0417
A1: 기획전시 판매현황 | H1: 팀 장
H3: 46129
A4: 1 | B4: 전시명 : | C4: 섬냥이 in 장도 | F4: 전시일: | G4: 2026. 3. 27(금) ~ 6. 21(일)
H5: 목표 매출액: | I5: 10000000
B6: 판매현황 | C6: 구분 | D6: 판매매수 | E6: 금액 | F6: 점유율
C7: 유료 | D7: 29 | E7: 87000 | F7: =G10/I5 -> 0.216
C8: 무료 | D8: 0
F9: 누계 총인원 | G9: 누계 총 금액 | H9: 누계 무료인원 | I9: 누계 유료인원
C10: 합계 | D10: =SUM(D7:D9) -> 29 | E10: =SUM(E7:E9) -> 87000 | F10: ='0416'!F10+'0417'!D10 -> 739 | G10: ='0416'!G10+'0417'!E10 -> 2160000 | H10: ='0416'!H10+'0417'!D8 -> 19 | I10: ='0416'!I10+'0417'!D7 -> 720
B11: 비고 | C11: 단체 명 무료 명
A12: 2 | B12: 전시명 : | C12: 어린이미술전 <우리 SUM 타볼래> | F12: 전시일: | G12: 2026. 2. 27(금) ~ 6. 28(일)
H13: 목표 매출액: | I13: 31500000
B14: 판매현황 | C14: 구분 | D14: 판매매수 | E14: 금액 | F14: 점유율
C15: 유료 | D15: 4 | E15: 24000 | F15: =G18/I13 -> 0.2024127
C16: 무료 | D16: 0
F17: 누계 총인원 | G17: 누계 총 금액 | H17: 누계 무료인원 | I17: 누계 유료인원
C18: 합계 | D18: =SUM(D15:D17) -> 4 | E18: =SUM(E15:E17) -> 24000 | F18: ='0416'!F18+'0417'!D18 -> 1237 | G18: ='0416'!G18+'0417'!E18 -> 6376000 | H18: ='0416'!H18+'0417'!D16 -> 87 | I18: ='0416'!I18+'0417'!D15 -> 567
B19: 비고 | C19: 단체 명 무료 명

Sheet 0418
A1: 기획전시 판매현황 | H1: 팀 장
H3: 46130
A4: 1 | B4: 전시명 : | C4: 섬냥이 in 장도 | F4: 전시일: | G4: 2026. 3. 27(금) ~ 6. 21(일)
H5: 목표 매출액: | I5: 10000000
B6: 판매현황 | C6: 구분 | D6: 판매매수 | E6: 금액 | F6: 점유율
C7: 유료 | D7: 57 | E7: 171000 | F7: =G10/I5 -> 0.2331
C8: 무료 | D8: 5
F9: 누계 총인원 | G9: 누계 총 금액 | H9: 누계 무료인원 | I9: 누계 유료인원
C10: 합계 | D10: =SUM(D7:D9) -> 62 | E10: =SUM(E7:E9) -> 171000 | F10: ='0417'!F10+'0418'!D10 -> 801 | G10: ='0417'!G10+'0418'!E10 -> 2331000 | H10: ='0417'!H10+'0418'!D8 -> 24 | I10: ='0417'!I10+'0418'!D7 -> 777
B11: 비고 | C11: 단체 명 무료 5명
A12: 2 | B12: 전시명 : | C12: 어린이미술전 <우리 SUM 타볼래> | F12: 전시일: | G12: 2026. 2. 27(금) ~ 6. 28(일)
H13: 목표 매출액: | I13: 31500000
B14: 판매현황 | C14: 구분 | D14: 판매매수 | E14: 금액 | F14: 점유율
C15: 유료 | D15: 74 | E15: 400000 | F15: =G18/I13 -> 0.21511111
C16: 무료 | D16: 18
F17: 누계 총인원 | G17: 누계 총 금액 | H17: 누계 무료인원 | I17: 누계 유료인원
C18: 합계 | D18: =SUM(D15:D17) -> 92 | E18: =SUM(E15:E17) -> 400000 | F18: ='0417'!F18+'0418'!D18 -> 1329 | G18: ='0417'!G18+'0418'!E18 -> 6776000 | H18: ='0417'!H18+'0418'!D16 -> 105 | I18: ='0417'!I18+'0418'!D15 -> 641
B19: 비고 | C19: 단체 명 무료 18명(전시연계 교육 프로그램 12명 포함) | F19: 전시연계 교육 프로그램 1차시 : 참여자 9명

Sheet 0419
A1: 기획전시 판매현황 | H1: 팀 장
H3: 46131
A4: 1 | B4: 전시명 : | C4: 섬냥이 in 장도 | F4: 전시일: | G4: 2026. 3. 27(금) ~ 6. 21(일)
H5: 목표 매출액: | I5: 10000000
B6: 판매현황 | C6: 구분 | D6: 판매매수 | E6: 금액 | F6: 점유율
C7: 유료 | D7: 39 | E7: 117000 | F7: =G10/I5 -> 0.2448
C8: 무료 | D8: 1
F9: 누계 총인원 | G9: 누계 총 금액 | H9: 누계 무료인원 | I9: 누계 유료인원
C10: 합계 | D10: =SUM(D7:D9) -> 40 | E10: =SUM(E7:E9) -> 117000 | F10: ='0418'!F10+'0419'!D10 -> 841 | G10: ='0418'!G10+'0419'!E10 -> 2448000 | H10: ='0418'!H10+'0419'!D8 -> 25 | I10: ='0418'!I10+'0419'!D7 -> 816
B11: 비고 | C11: 단체 명 무료 1명
A12: 2 | B12: 전시명 : | C12: 어린이미술전 <우리 SUM 타볼래> | F12: 전시일: | G12: 2026. 2. 27(금) ~ 6. 28(일)
H13: 목표 매출액: | I13: 31500000
B14: 판매현황 | C14: 구분 | D14: 판매매수 | E14: 금액 | F14: 점유율
C15: 유료 | D15: 29 | E15: 157000 | F15: =G18/I13 -> 0.22009524
C16: 무료 | D16: 1
F17: 누계 총인원 | G17: 누계 총 금액 | H17: 누계 무료인원 | I17: 누계 유료인원
C18: 합계 | D18: =SUM(D15:D17) -> 30 | E18: =SUM(E15:E17) -> 157000 | F18: ='0418'!F18+'0419'!D18 -> 1359 | G18: ='0418'!G18+'0419'!E18 -> 6933000 | H18: ='0418'!H18+'0419'!D16 -> 106 | I18: ='0418'!I18+'0419'!D15 -> 670
B19: 비고 | C19: 단체 명 무료 1명

Sheet 0421
A1: 기획전시 판매현황 | H1: 팀 장
H3: 46133
A4: 1 | B4: 전시명 : | C4: 섬냥이 in 장도 | F4: 전시일: | G4: 2026. 3. 27(금) ~ 6. 21(일)
H5: 목표 매출액: | I5: 10000000
B6: 판매현황 | C6: 구분 | D6: 판매매수 | E6: 금액 | F6: 점유율
C7: 유료 | D7: 36 | E7: 108000 | F7: =G10/I5 -> 0.2556
C8: 무료 | D8: 0
F9: 누계 총인원 | G9: 누계 총 금액 | H9: 누계 무료인원 | I9: 누계 유료인원
C10: 합계 | D10: =SUM(D7:D9) -> 36 | E10: =SUM(E7:E9) -> 108000 | F10: ='0419'!F10+'0421'!D10 -> 877 | G10: ='0419'!G10+'0421'!E10 -> 2556000 | H10: ='0419'!H10+'0421'!D8 -> 25 | I10: ='0419'!I10+'0421'!D7 -> 852
B11: 비고 | C11: 단체 명 무료 명
A12: 2 | B12: 전시명 : | C12: 어린이미술전 <우리 SUM 타볼래> | F12: 전시일: | G12: 2026. 2. 27(금) ~ 6. 28(일)
H13: 목표 매출액: | I13: 31500000
B14: 판매현황 | C14: 구분 | D14: 판매매수 | E14: 금액 | F14: 점유율
C15: 유료 | D15: 19 | E15: 111000 | F15: =G18/I13 -> 0.22361905
C16: 무료 | D16: 0
F17: 누계 총인원 | G17: 누계 총 금액 | H17: 누계 무료인원 | I17: 누계 유료인원
C18: 합계 | D18: =SUM(D15:D17) -> 19 | E18: =SUM(E15:E17) -> 111000 | F18: ='0419'!F18+'0421'!D18 -> 1378 | G18: ='0419'!G18+'0421'!E18 -> 7044000 | H18: ='0419'!H18+'0421'!D16 -> 106 | I18: ='0419'!I18+'0421'!D15 -> 689
B19: 비고 | C19: 단체 명 무료 명

Sheet 0422
A1: 기획전시 판매현황 | H1: 팀 장
H3: 46134
A4: 1 | B4: 전시명 : | C4: 섬냥이 in 장도 | F4: 전시일: | G4: 2026. 3. 27(금) ~ 6. 21(일)
H5: 목표 매출액: | I5: 10000000
B6: 판매현황 | C6: 구분 | D6: 판매매수 | E6: 금액 | F6: 점유율
C7: 유료 | D7: 17 | E7: 51000 | F7: =G10/I5 -> 0.2607
C8: 무료 | D8: 0
F9: 누계 총인원 | G9: 누계 총 금액 | H9: 누계 무료인원 | I9: 누계 유료인원
C10: 합계 | D10: =SUM(D7:D9) -> 17 | E10: =SUM(E7:E9) -> 51000 | F10: ='0421'!F10+'0422'!D10 -> 894 | G10: ='0421'!G10+'0422'!E10 -> 2607000 | H10: ='0421'!H10+'0422'!D8 -> 25 | I10: ='0421'!I10+'0422'!D7 -> 869
B11: 비고 | C11: 단체 명 무료 명
A12: 2 | B12: 전시명 : | C12: 어린이미술전 <우리 SUM 타볼래> | F12: 전시일: | G12: 2026. 2. 27(금) ~ 6. 28(일)
H13: 목표 매출액: | I13: 31500000
B14: 판매현황 | C14: 구분 | D14: 판매매수 | E14: 금액 | F14: 점유율
C15: 유료 | D15: 14 | E15: 63000 | F15: =G18/I13 -> 0.22561905
C16: 무료 | D16: 0
F17: 누계 총인원 | G17: 누계 총 금액 | H17: 누계 무료인원 | I17: 누계 유료인원
C18: 합계 | D18: =SUM(D15:D17) -> 14 | E18: =SUM(E15:E17) -> 63000 | F18: ='0421'!F18+'0422'!D18 -> 1392 | G18: ='0421'!G18+'0422'!E18 -> 7107000 | H18: ='0421'!H18+'0422'!D16 -> 106 | I18: ='0421'!I18+'0422'!D15 -> 703
B19: 비고 | C19: 단체 14명 무료 명

Sheet 0423
A1: 기획전시 판매현황 | H1: 팀 장
H3: 46135
A4: 1 | B4: 전시명 : | C4: 섬냥이 in 장도 | F4: 전시일: | G4: 2026. 3. 27(금) ~ 6. 21(일)
H5: 목표 매출액: | I5: 10000000
B6: 판매현황 | C6: 구분 | D6: 판매매수 | E6: 금액 | F6: 점유율
C7: 유료 | D7: 21 | E7: 63000 | F7: =G10/I5 -> 0.267
C8: 무료 | D8: 0
F9: 누계 총인원 | G9: 누계 총 금액 | H9: 누계 무료인원 | I9: 누계 유료인원
C10: 합계 | D10: =SUM(D7:D9) -> 21 | E10: =SUM(E7:E9) -> 63000 | F10: ='0422'!F10+'0423'!D10 -> 915 | G10: ='0422'!G10+'0423'!E10 -> 2670000 | H10: ='0422'!H10+'0423'!D8 -> 25 | I10: ='0422'!I10+'0423'!D7 -> 890
B11: 비고 | C11: 단체 명 무료 명
A12: 2 | B12: 전시명 : | C12: 어린이미술전 <우리 SUM 타볼래> | F12: 전시일: | G12: 2026. 2. 27(금) ~ 6. 28(일)
H13: 목표 매출액: | I13: 31500000
B14: 판매현황 | C14: 구분 | D14: 판매매수 | E14: 금액 | F14: 점유율
C15: 유료 | D15: 5 | E15: 31000 | F15: =G18/I13 -> 0.22660317
C16: 무료 | D16: 0
F17: 누계 총인원 | G17: 누계 총 금액 | H17: 누계 무료인원 | I17: 누계 유료인원
C18: 합계 | D18: =SUM(D15:D17) -> 5 | E18: =SUM(E15:E17) -> 31000 | F18: ='0422'!F18+'0423'!D18 -> 1397 | G18: ='0422'!G18+'0423'!E18 -> 7138000 | H18: ='0422'!H18+'0423'!D16 -> 106 | I18: ='0422'!I18+'0423'!D15 -> 708
B19: 비고 | C19: 단체 명 무료 명

Sheet 0424
A1: 기획전시 판매현황 | H1: 팀 장
H3: 46136
A4: 1 | B4: 전시명 : | C4: 섬냥이 in 장도 | F4: 전시일: | G4: 2026. 3. 27(금) ~ 6. 21(일)
H5: 목표 매출액: | I5: 10000000
B6: 판매현황 | C6: 구분 | D6: 판매매수 | E6: 금액 | F6: 점유율
C7: 유료 | D7: 45 | E7: 135000 | F7: =G10/I5 -> 0.2805
C8: 무료 | D8: 2
F9: 누계 총인원 | G9: 누계 총 금액 | H9: 누계 무료인원 | I9: 누계 유료인원
C10: 합계 | D10: =SUM(D7:D9) -> 47 | E10: =SUM(E7:E9) -> 135000 | F10: ='0423'!F10+'0424'!D10 -> 962 | G10: ='0423'!G10+'0424'!E10 -> 2805000 | H10: ='0423'!H10+'0424'!D8 -> 27 | I10: ='0423'!I10+'0424'!D7 -> 935
B11: 비고 | C11: 단체 20명 무료 2명
A12: 2 | B12: 전시명 : | C12: 어린이미술전 <우리 SUM 타볼래> | F12: 전시일: | G12: 2026. 2. 27(금) ~ 6. 28(일)
H13: 목표 매출액: | I13: 31500000
B14: 판매현황 | C14: 구분 | D14: 판매매수 | E14: 금액 | F14: 점유율
C15: 유료 | D15: 54 | E15: 314500 | F15: =G18/I13 -> 0.2365873
C16: 무료 | D16: 4
F17: 누계 총인원 | G17: 누계 총 금액 | H17: 누계 무료인원 | I17: 누계 유료인원
C18: 합계 | D18: =SUM(D15:D17) -> 58 | E18: =SUM(E15:E17) -> 314500 | F18: ='0423'!F18+'0424'!D18 -> 1455 | G18: ='0423'!G18+'0424'!E18 -> 7452500 | H18: ='0423'!H18+'0424'!D16 -> 110 | I18: ='0423'!I18+'0424'!D15 -> 762
B19: 비고 | C19: 단체 42명 무료 4명

Sheet 0425
A1: 기획전시 판매현황 | H1: 팀 장
H3: 46137
A4: 1 | B4: 전시명 : | C4: 섬냥이 in 장도 | F4: 전시일: | G4: 2026. 3. 27(금) ~ 6. 21(일)
H5: 목표 매출액: | I5: 10000000
B6: 판매현황 | C6: 구분 | D6: 판매매수 | E6: 금액 | F6: 점유율
C7: 유료 | D7: 56 | E7: 168000 | F7: =G10/I5 -> 0.2973
C8: 무료 | D8: 3
F9: 누계 총인원 | G9: 누계 총 금액 | H9: 누계 무료인원 | I9: 누계 유료인원
C10: 합계 | D10: =SUM(D7:D9) -> 59 | E10: =SUM(E7:E9) -> 168000 | F10: ='0424'!F10+'0425'!D10 -> 1021 | G10: ='0424'!G10+'0425'!E10 -> 2973000 | H10: ='0424'!H10+'0425'!D8 -> 30 | I10: ='0424'!I10+'0425'!D7 -> 991
B11: 비고 | C11: 단체 명 무료 3명
A12: 2 | B12: 전시명 : | C12: 어린이미술전 <우리 SUM 타볼래> | F12: 전시일: | G12: 2026. 2. 27(금) ~ 6. 28(일)
H13: 목표 매출액: | I13: 31500000
B14: 판매현황 | C14: 구분 | D14: 판매매수 | E14: 금액 | F14: 점유율
C15: 유료 | D15: 70 | E15: 396000 | F15: =G18/I13 -> 0.24915873
C16: 무료 | D16: 8
F17: 누계 총인원 | G17: 누계 총 금액 | H17: 누계 무료인원 | I17: 누계 유료인원
C18: 합계 | D18: =SUM(D15:D17) -> 78 | E18: =SUM(E15:E17) -> 396000 | F18: ='0424'!F18+'0425'!D18 -> 1533 | G18: ='0424'!G18+'0425'!E18 -> 7848500 | H18: ='0424'!H18+'0425'!D16 -> 118 | I18: ='0424'!I18+'0425'!D15 -> 832
B19: 비고 | C19: 단체 명 무료 8명

Sheet 0426
A1: 기획전시 판매현황 | H1: 팀 장
H3: 46138
A4: 1 | B4: 전시명 : | C4: 섬냥이 in 장도 | F4: 전시일: | G4: 2026. 3. 27(금) ~ 6. 21(일)
H5: 목표 매출액: | I5: 10000000
B6: 판매현황 | C6: 구분 | D6: 판매매수 | E6: 금액 | F6: 점유율
C7: 유료 | D7: 65 | E7: 195000 | F7: =G10/I5 -> 0.3168
C8: 무료 | D8: 2
F9: 누계 총인원 | G9: 누계 총 금액 | H9: 누계 무료인원 | I9: 누계 유료인원
C10: 합계 | D10: =SUM(D7:D9) -> 67 | E10: =SUM(E7:E9) -> 195000 | F10: ='0425'!F10+'0426'!D10 -> 1088 | G10: ='0425'!G10+'0426'!E10 -> 3168000 | H10: ='0425'!H10+'0426'!D8 -> 32 | I10: ='0425'!I10+'0426'!D7 -> 1056
B11: 비고 | C11: 단체 명 무료 2명
A12: 2 | B12: 전시명 : | C12: 어린이미술전 <우리 SUM 타볼래> | F12: 전시일: | G12: 2026. 2. 27(금) ~ 6. 28(일)
H13: 목표 매출액: | I13: 31500000
B14: 판매현황 | C14: 구분 | D14: 판매매수 | E14: 금액 | F14: 점유율
C15: 유료 | D15: 58 | E15: 314000 | F15: =G18/I13 -> 0.25912698
C16: 무료 | D16: 3
F17: 누계 총인원 | G17: 누계 총 금액 | H17: 누계 무료인원 | I17: 누계 유료인원
C18: 합계 | D18: =SUM(D15:D17) -> 61 | E18: =SUM(E15:E17) -> 314000 | F18: ='0425'!F18+'0426'!D18 -> 1594 | G18: ='0425'!G18+'0426'!E18 -> 8162500 | H18: ='0425'!H18+'0426'!D16 -> 121 | I18: ='0425'!I18+'0426'!D15 -> 890
B19: 비고 | C19: 단체 명 무료 3명

Sheet 0428
A1: 기획전시 판매현황 | H1: 팀 장
H3: 46140
A4: 1 | B4: 전시명 : | C4: 섬냥이 in 장도 | F4: 전시일: | G4: 2026. 3. 27(금) ~ 6. 21(일)
H5: 목표 매출액: | I5: 10000000
B6: 판매현황 | C6: 구분 | D6: 판매매수 | E6: 금액 | F6: 점유율
C7: 유료 | D7: 17 | E7: 51000 | F7: =G10/I5 -> 0.3219
C8: 무료
F9: 누계 총인원 | G9: 누계 총 금액 | H9: 누계 무료인원 | I9: 누계 유료인원
C10: 합계 | D10: =SUM(D7:D9) -> 17 | E10: =SUM(E7:E9) -> 51000 | F10: ='0426'!F10+'0428'!D10 -> 1105 | G10: ='0426'!G10+'0428'!E10 -> 3219000 | H10: ='0426'!H10+'0428'!D8 -> 32 | I10: ='0426'!I10+'0428'!D7 -> 1073
B11: 비고 | C11: 단체 명 무료 명
A12: 2 | B12: 전시명 : | C12: 어린이미술전 <우리 SUM 타볼래> | F12: 전시일: | G12: 2026. 2. 27(금) ~ 6. 28(일)
H13: 목표 매출액: | I13: 31500000
B14: 판매현황 | C14: 구분 | D14: 판매매수 | E14: 금액 | F14: 점유율
C15: 유료 | D15: 3 | E15: 15000 | F15: =G18/I13 -> 0.25960317
C16: 무료
F17: 누계 총인원 | G17: 누계 총 금액 | H17: 누계 무료인원 | I17: 누계 유료인원
C18: 합계 | D18: =SUM(D15:D17) -> 3 | E18: =SUM(E15:E17) -> 15000 | F18: ='0426'!F18+'0428'!D18 -> 1597 | G18: ='0426'!G18+'0428'!E18 -> 8177500 | H18: ='0426'!H18+'0428'!D16 -> 121 | I18: ='0426'!I18+'0428'!D15 -> 893
B19: 비고 | C19: 단체 명 무료 명

Sheet 0429
A1: 기획전시 판매현황 | H1: 팀 장
H3: 46141
A4: 1 | B4: 전시명 : | C4: 섬냥이 in 장도 | F4: 전시일: | G4: 2026. 3. 27(금) ~ 6. 21(일)
H5: 목표 매출액: | I5: 10000000
B6: 판매현황 | C6: 구분 | D6: 판매매수 | E6: 금액 | F6: 점유율
C7: 유료 | D7: 12 | E7: 36000 | F7: =G10/I5 -> 0.3255
C8: 무료 | D8: 0
F9: 누계 총인원 | G9: 누계 총 금액 | H9: 누계 무료인원 | I9: 누계 유료인원
C10: 합계 | D10: =SUM(D7:D9) -> 12 | E10: =SUM(E7:E9) -> 36000 | F10: ='0428'!F10+'0429'!D10 -> 1117 | G10: ='0428'!G10+'0429'!E10 -> 3255000 | H10: ='0428'!H10+'0429'!D8 -> 32 | I10: ='0428'!I10+'0429'!D7 -> 1085
B11: 비고 | C11: 단체 명 무료 명
A12: 2 | B12: 전시명 : | C12: 어린이미술전 <우리 SUM 타볼래> | F12: 전시일: | G12: 2026. 2. 27(금) ~ 6. 28(일)
H13: 목표 매출액: | I13: 31500000
B14: 판매현황 | C14: 구분 | D14: 판매매수 | E14: 금액 | F14: 점유율
C15: 유료 | D15: 73 | E15: 432500 | F15: =G18/I13 -> 0.27333333
C16: 무료 | D16: 0
F17: 누계 총인원 | G17: 누계 총 금액 | H17: 누계 무료인원 | I17: 누계 유료인원
C18: 합계 | D18: =SUM(D15:D17) -> 73 | E18: =SUM(E15:E17) -> 432500 | F18: ='0428'!F18+'0429'!D18 -> 1670 | G18: ='0428'!G18+'0429'!E18 -> 8610000 | H18: ='0428'!H18+'0429'!D16 -> 121 | I18: ='0428'!I18+'0429'!D15 -> 966
B19: 비고 | C19: 단체 73명 무료 명

Sheet 0430
A1: 기획전시 판매현황 | H1: 팀 장
H3: 46142
A4: 1 | B4: 전시명 : | C4: 섬냥이 in 장도 | F4: 전시일: | G4: 2026. 3. 27(금) ~ 6. 21(일)
H5: 목표 매출액: | I5: 10000000
B6: 판매현황 | C6: 구분 | D6: 판매매수 | E6: 금액 | F6: 점유율
C7: 유료 | D7: 11 | E7: 33000 | F7: =G10/I5 -> 0.3288
C8: 무료
F9: 누계 총인원 | G9: 누계 총 금액 | H9: 누계 무료인원 | I9: 누계 유료인원
C10: 합계 | D10: =SUM(D7:D9) -> 11 | E10: =SUM(E7:E9) -> 33000 | F10: ='0429'!F10+'0430'!D10 -> 1128 | G10: ='0429'!G10+'0430'!E10 -> 3288000 | H10: ='0429'!H10+'0430'!D8 -> 32 | I10: ='0429'!I10+'0430'!D7 -> 1096
B11: 비고 | C11: 단체 명 무료 명
A12: 2 | B12: 전시명 : | C12: 어린이미술전 <우리 SUM 타볼래> | F12: 전시일: | G12: 2026. 2. 27(금) ~ 6. 28(일)
H13: 목표 매출액: | I13: 31500000
B14: 판매현황 | C14: 구분 | D14: 판매매수 | E14: 금액 | F14: 점유율
C15: 유료 | D15: 1 | E15: 5000 | F15: =G18/I13 -> 0.27349206
C16: 무료
F17: 누계 총인원 | G17: 누계 총 금액 | H17: 누계 무료인원 | I17: 누계 유료인원
C18: 합계 | D18: =SUM(D15:D17) -> 1 | E18: =SUM(E15:E17) -> 5000 | F18: ='0429'!F18+'0430'!D18 -> 1671 | G18: ='0429'!G18+'0430'!E18 -> 8615000 | H18: ='0429'!H18+'0430'!D16 -> 121 | I18: ='0429'!I18+'0430'!D15 -> 967
B19: 비고 | C19: 단체 명 무료 명

Sheet 0501
A1: 기획전시 판매현황 | H1: 팀 장
H3: 46143
A4: 1 | B4: 전시명 : | C4: 섬냥이 in 장도 | F4: 전시일: | G4: 2026. 3. 27(금) ~ 6. 21(일)
H5: 목표 매출액: | I5: 10000000
B6: 판매현황 | C6: 구분 | D6: 판매매수 | E6: 금액 | F6: 점유율
C7: 유료 | D7: 97 | E7: 291000 | F7: =G10/I5 -> 0.3579
C8: 무료 | D8: 1
F9: 누계 총인원 | G9: 누계 총 금액 | H9: 누계 무료인원 | I9: 누계 유료인원
C10: 합계 | D10: =SUM(D7:D9) -> 98 | E10: =SUM(E7:E9) -> 291000 | F10: ='0430'!F10+'0501'!D10 -> 1226 | G10: ='0430'!G10+'0501'!E10 -> 3579000 | H10: ='0430'!H10+'0501'!D8 -> 33 | I10: ='0430'!I10+'0501'!D7 -> 1193
B11: 비고 | C11: 단체 명 무료 1명
A12: 2 | B12: 전시명 : | C12: 어린이미술전 <우리 SUM 타볼래> | F12: 전시일: | G12: 2026. 2. 27(금) ~ 6. 28(일)
H13: 목표 매출액: | I13: 31500000
B14: 판매현황 | C14: 구분 | D14: 판매매수 | E14: 금액 | F14: 점유율
C15: 유료 | D15: 20 | E15: 106000 | F15: =G18/I13 -> 0.27685714
C16: 무료 | D16: 3
F17: 누계 총인원 | G17: 누계 총 금액 | H17: 누계 무료인원 | I17: 누계 유료인원
C18: 합계 | D18: =SUM(D15:D17) -> 23 | E18: =SUM(E15:E17) -> 106000 | F18: ='0430'!F18+'0501'!D18 -> 1694 | G18: ='0430'!G18+'0501'!E18 -> 8721000 | H18: ='0430'!H18+'0501'!D16 -> 124 | I18: ='0430'!I18+'0501'!D15 -> 987
B19: 비고 | C19: 단체 명 무료 3명

Sheet 0502
A1: 기획전시 판매현황 | H1: 팀 장
H3: 46144
A4: 1 | B4: 전시명 : | C4: 섬냥이 in 장도 | F4: 전시일: | G4: 2026. 3. 27(금) ~ 6. 21(일)
H5: 목표 매출액: | I5: 10000000
B6: 판매현황 | C6: 구분 | D6: 판매매수 | E6: 금액 | F6: 점유율
C7: 유료 | D7: 143 | E7: 429000 | F7: =G10/I5 -> 0.4008
C8: 무료
F9: 누계 총인원 | G9: 누계 총 금액 | H9: 누계 무료인원 | I9: 누계 유료인원
C10: 합계 | D10: =SUM(D7:D9) -> 143 | E10: =SUM(E7:E9) -> 429000 | F10: ='0501'!F10+'0502'!D10 -> 1369 | G10: ='0501'!G10+'0502'!E10 -> 4008000 | H10: ='0501'!H10+'0502'!D8 -> 33 | I10: ='0501'!I10+'0502'!D7 -> 1336
B11: 비고 | C11: 단체 명 무료 명
A12: 2 | B12: 전시명 : | C12: 어린이미술전 <우리 SUM 타볼래> | F12: 전시일: | G12: 2026. 2. 27(금) ~ 6. 28(일)
H13: 목표 매출액: | I13: 31500000
B14: 판매현황 | C14: 구분 | D14: 판매매수 | E14: 금액 | F14: 점유율
C15: 유료 | D15: 17 | E15: 91000 | F15: =G18/I13 -> 0.27974603
C16: 무료 | D16: 2
F17: 누계 총인원 | G17: 누계 총 금액 | H17: 누계 무료인원 | I17: 누계 유료인원
C18: 합계 | D18: =SUM(D15:D17) -> 19 | E18: =SUM(E15:E17) -> 91000 | F18: ='0501'!F18+'0502'!D18 -> 1713 | G18: ='0501'!G18+'0502'!E18 -> 8812000 | H18: ='0501'!H18+'0502'!D16 -> 126 | I18: ='0501'!I18+'0502'!D15 -> 1004
B19: 비고 | C19: 단체 명 무료 2명

Sheet 0503
A1: 기획전시 판매현황 | H1: 팀 장
H3: 46145
A4: 1 | B4: 전시명 : | C4: 섬냥이 in 장도 | F4: 전시일: | G4: 2026. 3. 27(금) ~ 6. 21(일)
H5: 목표 매출액: | I5: 10000000
B6: 판매현황 | C6: 구분 | D6: 판매매수 | E6: 금액 | F6: 점유율
C7: 유료 | D7: 56 | E7: 168000 | F7: =G10/I5 -> 0.4176
C8: 무료 | D8: 0
F9: 누계 총인원 | G9: 누계 총 금액 | H9: 누계 무료인원 | I9: 누계 유료인원
C10: 합계 | D10: =SUM(D7:D9) -> 56 | E10: =SUM(E7:E9) -> 168000 | F10: ='0502'!F10+'0503'!D10 -> 1425 | G10: ='0502'!G10+'0503'!E10 -> 4176000 | H10: ='0502'!H10+'0503'!D8 -> 33 | I10: ='0502'!I10+'0503'!D7 -> 1392
B11: 비고 | C11: 단체 명 무료 명
A12: 2 | B12: 전시명 : | C12: 어린이미술전 <우리 SUM 타볼래> | F12: 전시일: | G12: 2026. 2. 27(금) ~ 6. 28(일)
H13: 목표 매출액: | I13: 31500000
B14: 판매현황 | C14: 구분 | D14: 판매매수 | E14: 금액 | F14: 점유율
C15: 유료 | D15: 52 | E15: 274000 | F15: =G18/I13 -> 0.28844444
C16: 무료 | D16: 2
F17: 누계 총인원 | G17: 누계 총 금액 | H17: 누계 무료인원 | I17: 누계 유료인원
C18: 합계 | D18: =SUM(D15:D17) -> 54 | E18: =SUM(E15:E17) -> 274000 | F18: ='0502'!F18+'0503'!D18 -> 1767 | G18: ='0502'!G18+'0503'!E18 -> 9086000 | H18: ='0502'!H18+'0503'!D16 -> 128 | I18: ='0502'!I18+'0503'!D15 -> 1056
B19: 비고 | C19: 단체 명 무료 2명

Sheet 0504
A1: 기획전시 판매현황 | H1: 팀 장
H3: 46146
A4: 1 | B4: 전시명 : | C4: 섬냥이 in 장도 | F4: 전시일: | G4: 2026. 3. 27(금) ~ 6. 21(일)
H5: 목표 매출액: | I5: 10000000
B6: 판매현황 | C6: 구분 | D6: 판매매수 | E6: 금액 | F6: 점유율
C7: 유료 | D7: 56 | E7: 168000 | F7: =G10/I5 -> 0.4344
C8: 무료 | D8: 1
F9: 누계 총인원 | G9: 누계 총 금액 | H9: 누계 무료인원 | I9: 누계 유료인원
C10: 합계 | D10: =SUM(D7:D9) -> 57 | E10: =SUM(E7:E9) -> 168000 | F10: ='0503'!F10+'0504'!D10 -> 1482 | G10: ='0503'!G10+'0504'!E10 -> 4344000 | H10: ='0503'!H10+'0504'!D8 -> 34 | I10: ='0503'!I10+'0504'!D7 -> 1448
B11: 비고 | C11: 단체 명 무료 1명
A12: 2 | B12: 전시명 : | C12: 어린이미술전 <우리 SUM 타볼래> | F12: 전시일: | G12: 2026. 2. 27(금) ~ 6. 28(일)
H13: 목표 매출액: | I13: 31500000
B14: 판매현황 | C14: 구분 | D14: 판매매수 | E14: 금액 | F14: 점유율
C15: 유료 | D15: 12 | E15: 60000 | F15: =G18/I13 -> 0.29034921
C16: 무료 | D16: 1
F17: 누계 총인원 | G17: 누계 총 금액 | H17: 누계 무료인원 | I17: 누계 유료인원
C18: 합계 | D18: =SUM(D15:D17) -> 13 | E18: =SUM(E15:E17) -> 60000 | F18: ='0503'!F18+'0504'!D18 -> 1780 | G18: ='0503'!G18+'0504'!E18 -> 9146000 | H18: ='0503'!H18+'0504'!D16 -> 129 | I18: ='0503'!I18+'0504'!D15 -> 1068
B19: 비고 | C19: 단체 명 무료 1명

Sheet 0505
A1: 기획전시 판매현황 | H1: 팀 장
H3: 46147
A4: 1 | B4: 전시명 : | C4: 섬냥이 in 장도 | F4: 전시일: | G4: 2026. 3. 27(금) ~ 6. 21(일)
H5: 목표 매출액: | I5: 10000000
B6: 판매현황 | C6: 구분 | D6: 판매매수 | E6: 금액 | F6: 점유율
C7: 유료 | D7: 70 | E7: 210000 | F7: =G10/I5 -> 0.4554
C8: 무료 | D8: 1
F9: 누계 총인원 | G9: 누계 총 금액 | H9: 누계 무료인원 | I9: 누계 유료인원
C10: 합계 | D10: =SUM(D7:D9) -> 71 | E10: =SUM(E7:E9) -> 210000 | F10: ='0504'!F10+'0505'!D10 -> 1553 | G10: ='0504'!G10+'0505'!E10 -> 4554000 | H10: ='0504'!H10+'0505'!D8 -> 35 | I10: ='0504'!I10+'0505'!D7 -> 1518
B11: 비고 | C11: 단체 명 무료 1명
A12: 2 | B12: 전시명 : | C12: 어린이미술전 <우리 SUM 타볼래> | F12: 전시일: | G12: 2026. 2. 27(금) ~ 6. 28(일)
H13: 목표 매출액: | I13: 31500000
B14: 판매현황 | C14: 구분 | D14: 판매매수 | E14: 금액 | F14: 점유율
C15: 유료 | D15: 35 | E15: 177000 | F15: =G18/I13 -> 0.29596825
C16: 무료 | D16: 2
F17: 누계 총인원 | G17: 누계 총 금액 | H17: 누계 무료인원 | I17: 누계 유료인원
C18: 합계 | D18: =SUM(D15:D17) -> 37 | E18: =SUM(E15:E17) -> 177000 | F18: ='0504'!F18+'0505'!D18 -> 1817 | G18: ='0504'!G18+'0505'!E18 -> 9323000 | H18: ='0504'!H18+'0505'!D16 -> 131 | I18: ='0504'!I18+'0505'!D15 -> 1103
B19: 비고 | C19: 단체 명 무료 2명

Sheet 0506
A1: 기획전시 판매현황 | H1: 팀 장
H3: 46148
A4: 1 | B4: 전시명 : | C4: 섬냥이 in 장도 | F4: 전시일: | G4: 2026. 3. 27(금) ~ 6. 21(일)
H5: 목표 매출액: | I5: 10000000
B6: 판매현황 | C6: 구분 | D6: 판매매수 | E6: 금액 | F6: 점유율
C7: 유료 | D7: 13 | E7: 39000 | F7: =G10/I5 -> 0.4593
C8: 무료
F9: 누계 총인원 | G9: 누계 총 금액 | H9: 누계 무료인원 | I9: 누계 유료인원
C10: 합계 | D10: =SUM(D7:D9) -> 13 | E10: =SUM(E7:E9) -> 39000 | F10: ='0505'!F10+'0506'!D10 -> 1566 | G10: ='0505'!G10+'0506'!E10 -> 4593000 | H10: ='0505'!H10+'0506'!D8 -> 35 | I10: ='0505'!I10+'0506'!D7 -> 1531
B11: 비고 | C11: 단체 명 무료 명
A12: 2 | B12: 전시명 : | C12: 어린이미술전 <우리 SUM 타볼래> | F12: 전시일: | G12: 2026. 2. 27(금) ~ 6. 28(일)
H13: 목표 매출액: | I13: 31500000
B14: 판매현황 | C14: 구분 | D14: 판매매수 | E14: 금액 | F14: 점유율
C15: 유료 | D15: 0 | F15: =G18/I13 -> 0.29596825
C16: 무료 | D16: 0
F17: 누계 총인원 | G17: 누계 총 금액 | H17: 누계 무료인원 | I17: 누계 유료인원
C18: 합계 | D18: =SUM(D15:D17) -> 0 | E18: =SUM(E15:E17) -> 0 | F18: ='0505'!F18+'0506'!D18 -> 1817 | G18: ='0505'!G18+'0506'!E18 -> 9323000 | H18: ='0505'!H18+'0506'!D16 -> 131 | I18: ='0505'!I18+'0506'!D15 -> 1103
B19: 비고 | C19: 단체 명 무료 명

Sheet 0507
A1: 기획전시 판매현황 | H1: 팀 장
H3: 46149
A4: 1 | B4: 전시명 : | C4: 섬냥이 in 장도 | F4: 전시일: | G4: 2026. 3. 27(금) ~ 6. 21(일)
H5: 목표 매출액: | I5: 10000000
B6: 판매현황 | C6: 구분 | D6: 판매매수 | E6: 금액 | F6: 점유율
C7: 유료 | D7: 15 | E7: 45000 | F7: =G10/I5 -> 0.4638
C8: 무료 | D8: 0
F9: 누계 총인원 | G9: 누계 총 금액 | H9: 누계 무료인원 | I9: 누계 유료인원
C10: 합계 | D10: =SUM(D7:D9) -> 15 | E10: =SUM(E7:E9) -> 45000 | F10: ='0506'!F10+'0507'!D10 -> 1581 | G10: ='0506'!G10+'0507'!E10 -> 4638000 | H10: ='0506'!H10+'0507'!D8 -> 35 | I10: ='0506'!I10+'0507'!D7 -> 1546
B11: 비고 | C11: 단체 명 무료 명
A12: 2 | B12: 전시명 : | C12: 어린이미술전 <우리 SUM 타볼래> | F12: 전시일: | G12: 2026. 2. 27(금) ~ 6. 28(일)
H13: 목표 매출액: | I13: 31500000
B14: 판매현황 | C14: 구분 | D14: 판매매수 | E14: 금액 | F14: 점유율
C15: 유료 | D15: 21 | E15: 105000 | F15: =G18/I13 -> 0.29930159
C16: 무료 | D16: 1
F17: 누계 총인원 | G17: 누계 총 금액 | H17: 누계 무료인원 | I17: 누계 유료인원
C18: 합계 | D18: =SUM(D15:D17) -> 22 | E18: =SUM(E15:E17) -> 105000 | F18: ='0506'!F18+'0507'!D18 -> 1839 | G18: ='0506'!G18+'0507'!E18 -> 9428000 | H18: ='0506'!H18+'0507'!D16 -> 132 | I18: ='0506'!I18+'0507'!D15 -> 1124
B19: 비고 | C19: 단체 17명 무료 1명

Sheet 0508
A1: 기획전시 판매현황 | H1: 팀 장
H3: 46150
A4: 1 | B4: 전시명 : | C4: 섬냥이 in 장도 | F4: 전시일: | G4: 2026. 3. 27(금) ~ 6. 21(일)
H5: 목표 매출액: | I5: 10000000
B6: 판매현황 | C6: 구분 | D6: 판매매수 | E6: 금액 | F6: 점유율
C7: 유료 | D7: 33 | E7: 99000 | F7: =G10/I5 -> 0.4737
C8: 무료 | D8: 0
F9: 누계 총인원 | G9: 누계 총 금액 | H9: 누계 무료인원 | I9: 누계 유료인원
C10: 합계 | D10: =SUM(D7:D9) -> 33 | E10: =SUM(E7:E9) -> 99000 | F10: ='0507'!F10+'0508'!D10 -> 1614 | G10: ='0507'!G10+'0508'!E10 -> 4737000 | H10: ='0507'!H10+'0508'!D8 -> 35 | I10: ='0507'!I10+'0508'!D7 -> 1579
B11: 비고 | C11: 단체 명 무료 명
A12: 2 | B12: 전시명 : | C12: 어린이미술전 <우리 SUM 타볼래> | F12: 전시일: | G12: 2026. 2. 27(금) ~ 6. 28(일)
H13: 목표 매출액: | I13: 31500000
B14: 판매현황 | C14: 구분 | D14: 판매매수 | E14: 금액 | F14: 점유율
C15: 유료 | D15: 103 | E15: 466500 | F15: =G18/I13 -> 0.31411111
C16: 무료 | D16: 4
F17: 누계 총인원 | G17: 누계 총 금액 | H17: 누계 무료인원 | I17: 누계 유료인원
C18: 합계 | D18: =SUM(D15:D17) -> 107 | E18: =SUM(E15:E17) -> 466500 | F18: ='0507'!F18+'0508'!D18 -> 1946 | G18: ='0507'!G18+'0508'!E18 -> 9894500 | H18: ='0507'!H18+'0508'!D16 -> 136 | I18: ='0507'!I18+'0508'!D15 -> 1227
B19: 비고 | C19: 단체 97명 무료 4명

Sheet 0509
A1: 기획전시 판매현황 | H1: 팀 장
H3: 46151
A4: 1 | B4: 전시명 : | C4: 섬냥이 in 장도 | F4: 전시일: | G4: 2026. 3. 27(금) ~ 6. 21(일)
H5: 목표 매출액: | I5: 10000000
B6: 판매현황 | C6: 구분 | D6: 판매매수 | E6: 금액 | F6: 점유율
C7: 유료 | D7: 66 | E7: 198000 | F7: =G10/I5 -> 0.4935
C8: 무료 | D8: 2
F9: 누계 총인원 | G9: 누계 총 금액 | H9: 누계 무료인원 | I9: 누계 유료인원
C10: 합계 | D10: =SUM(D7:D9) -> 68 | E10: =SUM(E7:E9) -> 198000 | F10: ='0508'!F10+'0509'!D10 -> 1682 | G10: ='0508'!G10+'0509'!E10 -> 4935000 | H10: ='0508'!H10+'0509'!D8 -> 37 | I10: ='0508'!I10+'0509'!D7 -> 1645
B11: 비고 | C11: 단체 명 무료 2명
A12: 2 | B12: 전시명 : | C12: 어린이미술전 <우리 SUM 타볼래> | F12: 전시일: | G12: 2026. 2. 27(금) ~ 6. 28(일)
H13: 목표 매출액: | I13: 31500000
B14: 판매현황 | C14: 구분 | D14: 판매매수 | E14: 금액 | F14: 점유율
C15: 유료 | D15: 21 | E15: 109000 | F15: =G18/I13 -> 0.31757143
C16: 무료 | D16: 5
F17: 누계 총인원 | G17: 누계 총 금액 | H17: 누계 무료인원 | I17: 누계 유료인원
C18: 합계 | D18: =SUM(D15:D17) -> 26 | E18: =SUM(E15:E17) -> 109000 | F18: ='0508'!F18+'0509'!D18 -> 1972 | G18: ='0508'!G18+'0509'!E18 -> 10003500 | H18: ='0508'!H18+'0509'!D16 -> 141 | I18: ='0508'!I18+'0509'!D15 -> 1248
B19: 비고 | C19: 단체 명 무료 5명

Sheet 0510
A1: 기획전시 판매현황 | H1: 팀 장
H3: 46152
A4: 1 | B4: 전시명 : | C4: 섬냥이 in 장도 | F4: 전시일: | G4: 2026. 3. 27(금) ~ 6. 21(일)
H5: 목표 매출액: | I5: 10000000
B6: 판매현황 | C6: 구분 | D6: 판매매수 | E6: 금액 | F6: 점유율
C7: 유료 | D7: 73 | E7: 219000 | F7: =G10/I5 -> 0.5154
C8: 무료 | D8: 1
F9: 누계 총인원 | G9: 누계 총 금액 | H9: 누계 무료인원 | I9: 누계 유료인원
C10: 합계 | D10: =SUM(D7:D9) -> 74 | E10: =SUM(E7:E9) -> 219000 | F10: ='0509'!F10+'0510'!D10 -> 1756 | G10: ='0509'!G10+'0510'!E10 -> 5154000 | H10: ='0509'!H10+'0510'!D8 -> 38 | I10: ='0509'!I10+'0510'!D7 -> 1718
B11: 비고 | C11: 단체 명 무료 1명
A12: 2 | B12: 전시명 : | C12: 어린이미술전 <우리 SUM 타볼래> | F12: 전시일: | G12: 2026. 2. 27(금) ~ 6. 28(일)
H13: 목표 매출액: | I13: 31500000
B14: 판매현황 | C14: 구분 | D14: 판매매수 | E14: 금액 | F14: 점유율
C15: 유료 | D15: 17 | E15: 91000 | F15: =G18/I13 -> 0.32046032
C16: 무료 | D16: 2
F17: 누계 총인원 | G17: 누계 총 금액 | H17: 누계 무료인원 | I17: 누계 유료인원
C18: 합계 | D18: =SUM(D15:D17) -> 19 | E18: =SUM(E15:E17) -> 91000 | F18: ='0509'!F18+'0510'!D18 -> 1991 | G18: ='0509'!G18+'0510'!E18 -> 10094500 | H18: ='0509'!H18+'0510'!D16 -> 143 | I18: ='0509'!I18+'0510'!D15 -> 1265
B19: 비고 | C19: 단체 명 무료 2명

Sheet 0512
A1: 기획전시 판매현황 | H1: 팀 장
H3: 46154
A4: 1 | B4: 전시명 : | C4: 섬냥이 in 장도 | F4: 전시일: | G4: 2026. 3. 27(금) ~ 6. 21(일)
H5: 목표 매출액: | I5: 10000000
B6: 판매현황 | C6: 구분 | D6: 판매매수 | E6: 금액 | F6: 점유율
C7: 유료 | D7: 14 | E7: 42000 | F7: =G10/I5 -> 0.5196
C8: 무료 | D8: 0
F9: 누계 총인원 | G9: 누계 총 금액 | H9: 누계 무료인원 | I9: 누계 유료인원
C10: 합계 | D10: =SUM(D7:D9) -> 14 | E10: =SUM(E7:E9) -> 42000 | F10: ='0510'!F10+'0512'!D10 -> 1770 | G10: ='0510'!G10+'0512'!E10 -> 5196000 | H10: ='0510'!H10+'0512'!D8 -> 38 | I10: ='0510'!I10+'0512'!D7 -> 1732
B11: 비고 | C11: 단체 명 무료 명
A12: 2 | B12: 전시명 : | C12: 어린이미술전 <우리 SUM 타볼래> | F12: 전시일: | G12: 2026. 2. 27(금) ~ 6. 28(일)
H13: 목표 매출액: | I13: 31500000
B14: 판매현황 | C14: 구분 | D14: 판매매수 | E14: 금액 | F14: 점유율
C15: 유료 | D15: 89 | E15: 415000 | F15: =G18/I13 -> 0.33363492
C16: 무료 | D16: 0
F17: 누계 총인원 | G17: 누계 총 금액 | H17: 누계 무료인원 | I17: 누계 유료인원
C18: 합계 | D18: =SUM(D15:D17) -> 89 | E18: =SUM(E15:E17) -> 415000 | F18: ='0510'!F18+'0512'!D18 -> 2080 | G18: ='0510'!G18+'0512'!E18 -> 10509500 | H18: ='0510'!H18+'0512'!D16 -> 143 | I18: ='0510'!I18+'0512'!D15 -> 1354
B19: 비고 | C19: 단체 81명 무료 명 | F19: 상암초 64명 (288,000원) 학생 47명 교사 17명 선결제 완료

Sheet 0513
A1: 기획전시 판매현황 | H1: 팀 장
H3: 46155
A4: 1 | B4: 전시명 : | C4: 섬냥이 in 장도 | F4: 전시일: | G4: 2026. 3. 27(금) ~ 6. 21(일)
H5: 목표 매출액: | I5: 10000000
B6: 판매현황 | C6: 구분 | D6: 판매매수 | E6: 금액 | F6: 점유율
C7: 유료 | D7: 15 | E7: 45000 | F7: =G10/I5 -> 0.5241
C8: 무료
F9: 누계 총인원 | G9: 누계 총 금액 | H9: 누계 무료인원 | I9: 누계 유료인원
C10: 합계 | D10: =SUM(D7:D9) -> 15 | E10: =SUM(E7:E9) -> 45000 | F10: ='0512'!F10+'0513'!D10 -> 1785 | G10: ='0512'!G10+'0513'!E10 -> 5241000 | H10: ='0512'!H10+'0513'!D8 -> 38 | I10: ='0512'!I10+'0513'!D7 -> 1747
B11: 비고 | C11: 단체 명 무료 명
A12: 2 | B12: 전시명 : | C12: 어린이미술전 <우리 SUM 타볼래> | F12: 전시일: | G12: 2026. 2. 27(금) ~ 6. 28(일)
H13: 목표 매출액: | I13: 31500000
B14: 판매현황 | C14: 구분 | D14: 판매매수 | E14: 금액 | F14: 점유율
C15: 유료 | D15: 11 | E15: 55000 | F15: =G18/I13 -> 0.33538095
C16: 무료
F17: 누계 총인원 | G17: 누계 총 금액 | H17: 누계 무료인원 | I17: 누계 유료인원
C18: 합계 | D18: =SUM(D15:D17) -> 11 | E18: =SUM(E15:E17) -> 55000 | F18: ='0512'!F18+'0513'!D18 -> 2091 | G18: ='0512'!G18+'0513'!E18 -> 10564500 | H18: ='0512'!H18+'0513'!D16 -> 143 | I18: ='0512'!I18+'0513'!D15 -> 1365
B19: 비고 | C19: 단체 명 무료 명

Sheet 0514
A1: 기획전시 판매현황 | H1: 팀 장
H3: 46156
A4: 1 | B4: 전시명 : | C4: 섬냥이 in 장도 | F4: 전시일: | G4: 2026. 3. 27(금) ~ 6. 21(일)
H5: 목표 매출액: | I5: 10000000
B6: 판매현황 | C6: 구분 | D6: 판매매수 | E6: 금액 | F6: 점유율
C7: 유료 | D7: 35 | E7: 105000 | F7: =G10/I5 -> 0.5346
C8: 무료 | D8: 7
F9: 누계 총인원 | G9: 누계 총 금액 | H9: 누계 무료인원 | I9: 누계 유료인원
C10: 합계 | D10: =SUM(D7:D9) -> 42 | E10: =SUM(E7:E9) -> 105000 | F10: ='0513'!F10+'0514'!D10 -> 1827 | G10: ='0513'!G10+'0514'!E10 -> 5346000 | H10: ='0513'!H10+'0514'!D8 -> 45 | I10: ='0513'!I10+'0514'!D7 -> 1782
B11: 비고 | C11: 단체 25명 무료 7명
A12: 2 | B12: 전시명 : | C12: 어린이미술전 <우리 SUM 타볼래> | F12: 전시일: | G12: 2026. 2. 27(금) ~ 6. 28(일)
H13: 목표 매출액: | I13: 31500000
B14: 판매현황 | C14: 구분 | D14: 판매매수 | E14: 금액 | F14: 점유율
C15: 유료 | D15: 78 | E15: 366000 | F15: =G18/I13 -> 0.347
C16: 무료 | D16: 7
F17: 누계 총인원 | G17: 누계 총 금액 | H17: 누계 무료인원 | I17: 누계 유료인원
C18: 합계 | D18: =SUM(D15:D17) -> 85 | E18: =SUM(E15:E17) -> 366000 | F18: ='0513'!F18+'0514'!D18 -> 2176 | G18: ='0513'!G18+'0514'!E18 -> 10930500 | H18: ='0513'!H18+'0514'!D16 -> 150 | I18: ='0513'!I18+'0514'!D15 -> 1443
B19: 비고 | C19: 단체 68명 무료 7명

Sheet 0515
A1: 기획전시 판매현황 | H1: 팀 장
H3: 46157
A4: 1 | B4: 전시명 : | C4: 섬냥이 in 장도 | F4: 전시일: | G4: 2026. 3. 27(금) ~ 6. 21(일)
H5: 목표 매출액: | I5: 10000000
B6: 판매현황 | C6: 구분 | D6: 판매매수 | E6: 금액 | F6: 점유율
C7: 유료 | D7: 21 | E7: 63000 | F7: =G10/I5 -> 0.5409
C8: 무료 | D8: 1
F9: 누계 총인원 | G9: 누계 총 금액 | H9: 누계 무료인원 | I9: 누계 유료인원
C10: 합계 | D10: =SUM(D7:D9) -> 22 | E10: =SUM(E7:E9) -> 63000 | F10: ='0514'!F10+'0515'!D10 -> 1849 | G10: ='0514'!G10+'0515'!E10 -> 5409000 | H10: ='0514'!H10+'0515'!D8 -> 46 | I10: ='0514'!I10+'0515'!D7 -> 1803
B11: 비고 | C11: 단체 명 무료 1명
A12: 2 | B12: 전시명 : | C12: 어린이미술전 <우리 SUM 타볼래> | F12: 전시일: | G12: 2026. 2. 27(금) ~ 6. 28(일)
H13: 목표 매출액: | I13: 31500000
B14: 판매현황 | C14: 구분 | D14: 판매매수 | E14: 금액 | F14: 점유율
C15: 유료 | D15: 67 | E15: 355500 | F15: =G18/I13 -> 0.35828571
C16: 무료 | D16: 0
F17: 누계 총인원 | G17: 누계 총 금액 | H17: 누계 무료인원 | I17: 누계 유료인원
C18: 합계 | D18: =SUM(D15:D17) -> 67 | E18: =SUM(E15:E17) -> 355500 | F18: ='0514'!F18+'0515'!D18 -> 2243 | G18: ='0514'!G18+'0515'!E18 -> 11286000 | H18: ='0514'!H18+'0515'!D16 -> 150 | I18: ='0514'!I18+'0515'!D15 -> 1510
B19: 비고 | C19: 단체 67명 무료 명

Sheet 0516
A1: 기획전시 판매현황 | H1: 팀 장
H3: 46158
A4: 1 | B4: 전시명 : | C4: 섬냥이 in 장도 | F4: 전시일: | G4: 2026. 3. 27(금) ~ 6. 21(일)
H5: 목표 매출액: | I5: 10000000
B6: 판매현황 | C6: 구분 | D6: 판매매수 | E6: 금액 | F6: 점유율
C7: 유료 | D7: 88 | E7: 264000 | F7: =G10/I5 -> 0.5673
C8: 무료
F9: 누계 총인원 | G9: 누계 총 금액 | H9: 누계 무료인원 | I9: 누계 유료인원
C10: 합계 | D10: =SUM(D7:D9) -> 88 | E10: =SUM(E7:E9) -> 264000 | F10: ='0515'!F10+'0516'!D10 -> 1937 | G10: ='0515'!G10+'0516'!E10 -> 5673000 | H10: ='0515'!H10+'0516'!D8 -> 46 | I10: ='0515'!I10+'0516'!D7 -> 1891
B11: 비고 | C11: 단체 명 무료 명
A12: 2 | B12: 전시명 : | C12: 어린이미술전 <우리 SUM 타볼래> | F12: 전시일: | G12: 2026. 2. 27(금) ~ 6. 28(일)
H13: 목표 매출액: | I13: 31500000
B14: 판매현황 | C14: 구분 | D14: 판매매수 | E14: 금액 | F14: 점유율
C15: 유료 | D15: 23 | E15: 125000 | F15: =G18/I13 -> 0.36225397
C16: 무료 | D16: 14
F17: 누계 총인원 | G17: 누계 총 금액 | H17: 누계 무료인원 | I17: 누계 유료인원
C18: 합계 | D18: =SUM(D15:D17) -> 37 | E18: =SUM(E15:E17) -> 125000 | F18: ='0515'!F18+'0516'!D18 -> 2280 | G18: ='0515'!G18+'0516'!E18 -> 11411000 | H18: ='0515'!H18+'0516'!D16 -> 164 | I18: ='0515'!I18+'0516'!D15 -> 1533
B19: 비고 | C19: 단체 명 무료 14명

Sheet 0517
A1: 기획전시 판매현황 | H1: 팀 장
H3: 46159
A4: 1 | B4: 전시명 : | C4: 섬냥이 in 장도 | F4: 전시일: | G4: 2026. 3. 27(금) ~ 6. 21(일)
H5: 목표 매출액: | I5: 10000000
B6: 판매현황 | C6: 구분 | D6: 판매매수 | E6: 금액 | F6: 점유율
C7: 유료 | D7: 65 | E7: 195000 | F7: =G10/I5 -> 0.5868
C8: 무료
F9: 누계 총인원 | G9: 누계 총 금액 | H9: 누계 무료인원 | I9: 누계 유료인원
C10: 합계 | D10: =SUM(D7:D9) -> 65 | E10: =SUM(E7:E9) -> 195000 | F10: ='0516'!F10+'0517'!D10 -> 2002 | G10: ='0516'!G10+'0517'!E10 -> 5868000 | H10: ='0516'!H10+'0517'!D8 -> 46 | I10: ='0516'!I10+'0517'!D7 -> 1956
B11: 비고 | C11: 단체 명 무료 명
A12: 2 | B12: 전시명 : | C12: 어린이미술전 <우리 SUM 타볼래> | F12: 전시일: | G12: 2026. 2. 27(금) ~ 6. 28(일)
H13: 목표 매출액: | I13: 31500000
B14: 판매현황 | C14: 구분 | D14: 판매매수 | E14: 금액 | F14: 점유율
C15: 유료 | D15: 18 | E15: 92000 | F15: =G18/I13 -> 0.3651746
C16: 무료 | D16: 5
F17: 누계 총인원 | G17: 누계 총 금액 | H17: 누계 무료인원 | I17: 누계 유료인원
C18: 합계 | D18: =SUM(D15:D17) -> 23 | E18: =SUM(E15:E17) -> 92000 | F18: ='0516'!F18+'0517'!D18 -> 2303 | G18: ='0516'!G18+'0517'!E18 -> 11503000 | H18: ='0516'!H18+'0517'!D16 -> 169 | I18: ='0516'!I18+'0517'!D15 -> 1551
B19: 비고 | C19: 단체 명 무료 5명

Sheet 0519
A1: 기획전시 판매현황 | H1: 팀 장
H3: 46161
A4: 1 | B4: 전시명 : | C4: 섬냥이 in 장도 | F4: 전시일: | G4: 2026. 3. 27(금) ~ 6. 21(일)
H5: 목표 매출액: | I5: 10000000
B6: 판매현황 | C6: 구분 | D6: 판매매수 | E6: 금액 | F6: 점유율
C7: 유료 | D7: 4 | E7: 12000 | F7: =G10/I5 -> 0.588
C8: 무료 | D8: 0
F9: 누계 총인원 | G9: 누계 총 금액 | H9: 누계 무료인원 | I9: 누계 유료인원
C10: 합계 | D10: =SUM(D7:D9) -> 4 | E10: =SUM(E7:E9) -> 12000 | F10: ='0517'!F10+'0519'!D10 -> 2006 | G10: ='0517'!G10+'0519'!E10 -> 5880000 | H10: ='0517'!H10+'0519'!D8 -> 46 | I10: ='0517'!I10+'0519'!D7 -> 1960
B11: 비고 | C11: 단체 명 무료 명
A12: 2 | B12: 전시명 : | C12: 어린이미술전 <우리 SUM 타볼래> | F12: 전시일: | G12: 2026. 2. 27(금) ~ 6. 28(일)
H13: 목표 매출액: | I13: 31500000
B14: 판매현황 | C14: 구분 | D14: 판매매수 | E14: 금액 | F14: 점유율
C15: 유료 | D15: 23 | E15: 127000 | F15: =G18/I13 -> 0.36920635
C16: 무료 | D16: 6
F17: 누계 총인원 | G17: 누계 총 금액 | H17: 누계 무료인원 | I17: 누계 유료인원
C18: 합계 | D18: =SUM(D15:D17) -> 29 | E18: =SUM(E15:E17) -> 127000 | F18: ='0517'!F18+'0519'!D18 -> 2332 | G18: ='0517'!G18+'0519'!E18 -> 11630000 | H18: ='0517'!H18+'0519'!D16 -> 175 | I18: ='0517'!I18+'0519'!D15 -> 1574
B19: 비고 | C19: 단체 명 무료 6명

Sheet 0520
A1: 기획전시 판매현황 | H1: 팀 장
H3: 46162
A4: 1 | B4: 전시명 : | C4: 섬냥이 in 장도 | F4: 전시일: | G4: 2026. 3. 27(금) ~ 6. 21(일)
H5: 목표 매출액: | I5: 10000000
B6: 판매현황 | C6: 구분 | D6: 판매매수 | E6: 금액 | F6: 점유율
C7: 유료 | D7: 0 | F7: =G10/I5 -> 0.588
C8: 무료 | D8: 4
F9: 누계 총인원 | G9: 누계 총 금액 | H9: 누계 무료인원 | I9: 누계 유료인원
C10: 합계 | D10: =SUM(D7:D9) -> 4 | E10: =SUM(E7:E9) -> 0 | F10: ='0519'!F10+'0520'!D10 -> 2010 | G10: ='0519'!G10+'0520'!E10 -> 5880000 | H10: ='0519'!H10+'0520'!D8 -> 50 | I10: ='0519'!I10+'0520'!D7 -> 1960
B11: 비고 | C11: 단체 명 무료 4명
A12: 2 | B12: 전시명 : | C12: 어린이미술전 <우리 SUM 타볼래> | F12: 전시일: | G12: 2026. 2. 27(금) ~ 6. 28(일)
H13: 목표 매출액: | I13: 31500000
B14: 판매현황 | C14: 구분 | D14: 판매매수 | E14: 금액 | F14: 점유율
C15: 유료 | D15: 55 | E15: 248500 | F15: =G18/I13 -> 0.37709524
C16: 무료 | D16: 2
F17: 누계 총인원 | G17: 누계 총 금액 | H17: 누계 무료인원 | I17: 누계 유료인원
C18: 합계 | D18: =SUM(D15:D17) -> 57 | E18: =SUM(E15:E17) -> 248500 | F18: ='0519'!F18+'0520'!D18 -> 2389 | G18: ='0519'!G18+'0520'!E18 -> 11878500 | H18: ='0519'!H18+'0520'!D16 -> 177 | I18: ='0519'!I18+'0520'!D15 -> 1629
B19: 비고 | C19: 단체 53명 무료 2명

Sheet 0521
A1: 기획전시 판매현황 | H1: 팀 장
H3: 46163
A4: 1 | B4: 전시명 : | C4: 섬냥이 in 장도 | F4: 전시일: | G4: 2026. 3. 27(금) ~ 6. 21(일)
H5: 목표 매출액: | I5: 10000000
B6: 판매현황 | C6: 구분 | D6: 판매매수 | E6: 금액 | F6: 점유율
C7: 유료 | D7: 26 | E7: 78000 | F7: =G10/I5 -> 0.5958
C8: 무료
F9: 누계 총인원 | G9: 누계 총 금액 | H9: 누계 무료인원 | I9: 누계 유료인원
C10: 합계 | D10: =SUM(D7:D9) -> 26 | E10: =SUM(E7:E9) -> 78000 | F10: ='0520'!F10+'0521'!D10 -> 2036 | G10: ='0520'!G10+'0521'!E10 -> 5958000 | H10: ='0520'!H10+'0521'!D8 -> 50 | I10: ='0520'!I10+'0521'!D7 -> 1986
B11: 비고 | C11: 단체 16명 무료 명
A12: 2 | B12: 전시명 : | C12: 어린이미술전 <우리 SUM 타볼래> | F12: 전시일: | G12: 2026. 2. 27(금) ~ 6. 28(일)
H13: 목표 매출액: | I13: 31500000
B14: 판매현황 | C14: 구분 | D14: 판매매수 | E14: 금액 | F14: 점유율
C15: 유료 | D15: 38 | E15: 217500 | F15: =G18/I13 -> 0.384
C16: 무료
F17: 누계 총인원 | G17: 누계 총 금액 | H17: 누계 무료인원 | I17: 누계 유료인원
C18: 합계 | D18: =SUM(D15:D17) -> 38 | E18: =SUM(E15:E17) -> 217500 | F18: ='0520'!F18+'0521'!D18 -> 2427 | G18: ='0520'!G18+'0521'!E18 -> 12096000 | H18: ='0520'!H18+'0521'!D16 -> 177 | I18: ='0520'!I18+'0521'!D15 -> 1667
B19: 비고 | C19: 단체 37명 무료 명

Sheet 0522
A1: 기획전시 판매현황 | H1: 팀 장
H3: 46164
A4: 1 | B4: 전시명 : | C4: 섬냥이 in 장도 | F4: 전시일: | G4: 2026. 3. 27(금) ~ 6. 21(일)
H5: 목표 매출액: | I5: 10000000
B6: 판매현황 | C6: 구분 | D6: 판매매수 | E6: 금액 | F6: 점유율
C7: 유료 | D7: 14 | E7: 42000 | F7: =G10/I5 -> 0.6
C8: 무료 | D8: 2
F9: 누계 총인원 | G9: 누계 총 금액 | H9: 누계 무료인원 | I9: 누계 유료인원
C10: 합계 | D10: =SUM(D7:D9) -> 16 | E10: =SUM(E7:E9) -> 42000 | F10: ='0521'!F10+'0522'!D10 -> 2052 | G10: ='0521'!G10+'0522'!E10 -> 6000000 | H10: ='0521'!H10+'0522'!D8 -> 52 | I10: ='0521'!I10+'0522'!D7 -> 2000
B11: 비고 | C11: 단체 명 무료 2명
A12: 2 | B12: 전시명 : | C12: 어린이미술전 <우리 SUM 타볼래> | F12: 전시일: | G12: 2026. 2. 27(금) ~ 6. 28(일)
H13: 목표 매출액: | I13: 31500000
B14: 판매현황 | C14: 구분 | D14: 판매매수 | E14: 금액 | F14: 점유율
C15: 유료 | D15: 43 | E15: 227000 | F15: =G18/I13 -> 0.39120635
C16: 무료 | D16: 3
F17: 누계 총인원 | G17: 누계 총 금액 | H17: 누계 무료인원 | I17: 누계 유료인원
C18: 합계 | D18: =SUM(D15:D17) -> 46 | E18: =SUM(E15:E17) -> 227000 | F18: ='0521'!F18+'0522'!D18 -> 2473 | G18: ='0521'!G18+'0522'!E18 -> 12323000 | H18: ='0521'!H18+'0522'!D16 -> 180 | I18: ='0521'!I18+'0522'!D15 -> 1710
B19: 비고 | C19: 단체 41명 무료 3명

Sheet 0523
A1: 기획전시 판매현황 | H1: 팀 장
H3: 46165
A4: 1 | B4: 전시명 : | C4: 섬냥이 in 장도 | F4: 전시일: | G4: 2026. 3. 27(금) ~ 6. 21(일)
H5: 목표 매출액: | I5: 10000000
B6: 판매현황 | C6: 구분 | D6: 판매매수 | E6: 금액 | F6: 점유율
C7: 유료 | D7: 61 | E7: 183000 | F7: =G10/I5 -> 0.6183
C8: 무료
F9: 누계 총인원 | G9: 누계 총 금액 | H9: 누계 무료인원 | I9: 누계 유료인원
C10: 합계 | D10: =SUM(D7:D9) -> 61 | E10: =SUM(E7:E9) -> 183000 | F10: ='0522'!F10+'0523'!D10 -> 2113 | G10: ='0522'!G10+'0523'!E10 -> 6183000 | H10: ='0522'!H10+'0523'!D8 -> 52 | I10: ='0522'!I10+'0523'!D7 -> 2061
B11: 비고 | C11: 단체 명 무료 명
A12: 2 | B12: 전시명 : | C12: 어린이미술전 <우리 SUM 타볼래> | F12: 전시일: | G12: 2026. 2. 27(금) ~ 6. 28(일)
H13: 목표 매출액: | I13: 31500000
B14: 판매현황 | C14: 구분 | D14: 판매매수 | E14: 금액 | F14: 점유율
C15: 유료 | D15: 14 | E15: 72000 | F15: =G18/I13 -> 0.39349206
C16: 무료
F17: 누계 총인원 | G17: 누계 총 금액 | H17: 누계 무료인원 | I17: 누계 유료인원
C18: 합계 | D18: =SUM(D15:D17) -> 14 | E18: =SUM(E15:E17) -> 72000 | F18: ='0522'!F18+'0523'!D18 -> 2487 | G18: ='0522'!G18+'0523'!E18 -> 12395000 | H18: ='0522'!H18+'0523'!D16 -> 180 | I18: ='0522'!I18+'0523'!D15 -> 1724
B19: 비고 | C19: 단체 명 무료 명

Sheet 0524
A1: 기획전시 판매현황 | H1: 팀 장
H3: 46166
A4: 1 | B4: 전시명 : | C4: 섬냥이 in 장도 | F4: 전시일: | G4: 2026. 3. 27(금) ~ 6. 21(일)
H5: 목표 매출액: | I5: 10000000
B6: 판매현황 | C6: 구분 | D6: 판매매수 | E6: 금액 | F6: 점유율
C7: 유료 | D7: 133 | E7: 399000 | F7: =G10/I5 -> 0.6582
C8: 무료 | D8: 3
F9: 누계 총인원 | G9: 누계 총 금액 | H9: 누계 무료인원 | I9: 누계 유료인원
C10: 합계 | D10: =SUM(D7:D9) -> 136 | E10: =SUM(E7:E9) -> 399000 | F10: ='0523'!F10+'0524'!D10 -> 2249 | G10: ='0523'!G10+'0524'!E10 -> 6582000 | H10: ='0523'!H10+'0524'!D8 -> 55 | I10: ='0523'!I10+'0524'!D7 -> 2194
B11: 비고 | C11: 단체 명 무료 3명
A12: 2 | B12: 전시명 : | C12: 어린이미술전 <우리 SUM 타볼래> | F12: 전시일: | G12: 2026. 2. 27(금) ~ 6. 28(일)
H13: 목표 매출액: | I13: 31500000
B14: 판매현황 | C14: 구분 | D14: 판매매수 | E14: 금액 | F14: 점유율
C15: 유료 | D15: 19 | E15: 107000 | F15: =G18/I13 -> 0.39688889
C16: 무료 | D16: 1
F17: 누계 총인원 | G17: 누계 총 금액 | H17: 누계 무료인원 | I17: 누계 유료인원
C18: 합계 | D18: =SUM(D15:D17) -> 20 | E18: =SUM(E15:E17) -> 107000 | F18: ='0523'!F18+'0524'!D18 -> 2507 | G18: ='0523'!G18+'0524'!E18 -> 12502000 | H18: ='0523'!H18+'0524'!D16 -> 181 | I18: ='0523'!I18+'0524'!D15 -> 1743
B19: 비고 | C19: 단체 명 무료 1명

Sheet 0526
A1: 기획전시 판매현황 | H1: 팀 장
H3: 46168
A4: 1 | B4: 전시명 : | C4: 섬냥이 in 장도 | F4: 전시일: | G4: 2026. 3. 27(금) ~ 6. 21(일)
H5: 목표 매출액: | I5: 10000000
B6: 판매현황 | C6: 구분 | D6: 판매매수 | E6: 금액 | F6: 점유율
C7: 유료 | D7: 24 | E7: 72000 | F7: =G10/I5 -> 0.6654
C8: 무료 | D8: 1
F9: 누계 총인원 | G9: 누계 총 금액 | H9: 누계 무료인원 | I9: 누계 유료인원
C10: 합계 | D10: =SUM(D7:D9) -> 25 | E10: =SUM(E7:E9) -> 72000 | F10: ='0524'!F10+'0526'!D10 -> 2274 | G10: ='0524'!G10+'0526'!E10 -> 6654000 | H10: ='0524'!H10+'0526'!D8 -> 56 | I10: ='0524'!I10+'0526'!D7 -> 2218
B11: 비고 | C11: 단체 명 무료 1명
A12: 2 | B12: 전시명 : | C12: 어린이미술전 <우리 SUM 타볼래> | F12: 전시일: | G12: 2026. 2. 27(금) ~ 6. 28(일)
H13: 목표 매출액: | I13: 31500000
B14: 판매현황 | C14: 구분 | D14: 판매매수 | E14: 금액 | F14: 점유율
C15: 유료 | D15: 18 | E15: 86000 | F15: =G18/I13 -> 0.39961905
C16: 무료 | D16: 1
F17: 누계 총인원 | G17: 누계 총 금액 | H17: 누계 무료인원 | I17: 누계 유료인원
C18: 합계 | D18: =SUM(D15:D17) -> 19 | E18: =SUM(E15:E17) -> 86000 | F18: ='0524'!F18+'0526'!D18 -> 2526 | G18: ='0524'!G18+'0526'!E18 -> 12588000 | H18: ='0524'!H18+'0526'!D16 -> 182 | I18: ='0524'!I18+'0526'!D15 -> 1761
B19: 비고 | C19: 단체 8명 무료 1명

Sheet 0527
A1: 기획전시 판매현황 | H1: 팀 장
H3: 46169
A4: 1 | B4: 전시명 : | C4: 섬냥이 in 장도 | F4: 전시일: | G4: 2026. 3. 27(금) ~ 6. 21(일)
H5: 목표 매출액: | I5: 10000000
B6: 판매현황 | C6: 구분 | D6: 판매매수 | E6: 금액 | F6: 점유율
C7: 유료 | D7: 7 | E7: 21000 | F7: =G10/I5 -> 0.6675
C8: 무료 | D8: 0
F9: 누계 총인원 | G9: 누계 총 금액 | H9: 누계 무료인원 | I9: 누계 유료인원
C10: 합계 | D10: =SUM(D7:D9) -> 7 | E10: =SUM(E7:E9) -> 21000 | F10: ='0526'!F10+'0527'!D10 -> 2281 | G10: ='0526'!G10+'0527'!E10 -> 6675000 | H10: ='0526'!H10+'0527'!D8 -> 56 | I10: ='0526'!I10+'0527'!D7 -> 2225
B11: 비고 | C11: 단체 명 무료 명
A12: 2 | B12: 전시명 : | C12: 어린이미술전 <우리 SUM 타볼래> | F12: 전시일: | G12: 2026. 2. 27(금) ~ 6. 28(일)
H13: 목표 매출액: | I13: 31500000
B14: 판매현황 | C14: 구분 | D14: 판매매수 | E14: 금액 | F14: 점유율
C15: 유료 | D15: 26 | E15: 124500 | F15: =G18/I13 -> 0.40357143
C16: 무료
F17: 누계 총인원 | G17: 누계 총 금액 | H17: 누계 무료인원 | I17: 누계 유료인원
C18: 합계 | D18: =SUM(D15:D17) -> 26 | E18: =SUM(E15:E17) -> 124500 | F18: ='0526'!F18+'0527'!D18 -> 2552 | G18: ='0526'!G18+'0527'!E18 -> 12712500 | H18: ='0526'!H18+'0527'!D16 -> 182 | I18: ='0526'!I18+'0527'!D15 -> 1787
B19: 비고 | C19: 단체 26명 무료 명

Sheet 0528
A1: 기획전시 판매현황 | H1: 팀 장
H3: 46170
A4: 1 | B4: 전시명 : | C4: 섬냥이 in 장도 | F4: 전시일: | G4: 2026. 3. 27(금) ~ 6. 21(일)
H5: 목표 매출액: | I5: 10000000
B6: 판매현황 | C6: 구분 | D6: 판매매수 | E6: 금액 | F6: 점유율
C7: 유료 | D7: 5 | E7: 15000 | F7: =G10/I5 -> 0.669
C8: 무료
F9: 누계 총인원 | G9: 누계 총 금액 | H9: 누계 무료인원 | I9: 누계 유료인원
C10: 합계 | D10: =SUM(D7:D9) -> 5 | E10: =SUM(E7:E9) -> 15000 | F10: ='0527'!F10+'0528'!D10 -> 2286 | G10: ='0527'!G10+'0528'!E10 -> 6690000 | H10: ='0527'!H10+'0528'!D8 -> 56 | I10: ='0527'!I10+'0528'!D7 -> 2230
B11: 비고 | C11: 단체 명 무료 명
A12: 2 | B12: 전시명 : | C12: 어린이미술전 <우리 SUM 타볼래> | F12: 전시일: | G12: 2026. 2. 27(금) ~ 6. 28(일)
H13: 목표 매출액: | I13: 31500000
B14: 판매현황 | C14: 구분 | D14: 판매매수 | E14: 금액 | F14: 점유율
C15: 유료 | D15: 5 | E15: 29000 | F15: =G18/I13 -> 0.40449206
C16: 무료 | D16: 0
F17: 누계 총인원 | G17: 누계 총 금액 | H17: 누계 무료인원 | I17: 누계 유료인원
C18: 합계 | D18: =SUM(D15:D17) -> 5 | E18: =SUM(E15:E17) -> 29000 | F18: ='0527'!F18+'0528'!D18 -> 2557 | G18: ='0527'!G18+'0528'!E18 -> 12741500 | H18: ='0527'!H18+'0528'!D16 -> 182 | I18: ='0527'!I18+'0528'!D15 -> 1792
B19: 비고 | C19: 단체 명 무료 명

Sheet 0529
A1: 기획전시 판매현황 | H1: 팀 장
H3: 46171
A4: 1 | B4: 전시명 : | C4: 섬냥이 in 장도 | F4: 전시일: | G4: 2026. 3. 27(금) ~ 6. 21(일)
H5: 목표 매출액: | I5: 10000000
B6: 판매현황 | C6: 구분 | D6: 판매매수 | E6: 금액 | F6: 점유율
C7: 유료 | D7: 35 | E7: 105000 | F7: =G10/I5 -> 0.6795
C8: 무료 | D8: 1
F9: 누계 총인원 | G9: 누계 총 금액 | H9: 누계 무료인원 | I9: 누계 유료인원
C10: 합계 | D10: =SUM(D7:D9) -> 36 | E10: =SUM(E7:E9) -> 105000 | F10: ='0528'!F10+'0529'!D10 -> 2322 | G10: ='0528'!G10+'0529'!E10 -> 6795000 | H10: ='0528'!H10+'0529'!D8 -> 57 | I10: ='0528'!I10+'0529'!D7 -> 2265
B11: 비고 | C11: 단체 21명 무료 1명
A12: 2 | B12: 전시명 : | C12: 어린이미술전 <우리 SUM 타볼래> | F12: 전시일: | G12: 2026. 2. 27(금) ~ 6. 28(일)
H13: 목표 매출액: | I13: 31500000
B14: 판매현황 | C14: 구분 | D14: 판매매수 | E14: 금액 | F14: 점유율
C15: 유료 | D15: 13 | E15: 65000 | F15: =G18/I13 -> 0.40655556
C16: 무료 | D16: 2
F17: 누계 총인원 | G17: 누계 총 금액 | H17: 누계 무료인원 | I17: 누계 유료인원
C18: 합계 | D18: =SUM(D15:D17) -> 15 | E18: =SUM(E15:E17) -> 65000 | F18: ='0528'!F18+'0529'!D18 -> 2572 | G18: ='0528'!G18+'0529'!E18 -> 12806500 | H18: ='0528'!H18+'0529'!D16 -> 184 | I18: ='0528'!I18+'0529'!D15 -> 1805
B19: 비고 | C19: 단체 5명 무료 2명

Sheet 0530
A1: 기획전시 판매현황 | H1: 팀 장
H3: 46172
A4: 1 | B4: 전시명 : | C4: 섬냥이 in 장도 | F4: 전시일: | G4: 2026. 3. 27(금) ~ 6. 21(일)
H5: 목표 매출액: | I5: 10000000
B6: 판매현황 | C6: 구분 | D6: 판매매수 | E6: 금액 | F6: 점유율
C7: 유료 | D7: 73 | E7: 219000 | F7: =G10/I5 -> 0.7014
C8: 무료 | D8: 0
F9: 누계 총인원 | G9: 누계 총 금액 | H9: 누계 무료인원 | I9: 누계 유료인원
C10: 합계 | D10: =SUM(D7:D9) -> 73 | E10: =SUM(E7:E9) -> 219000 | F10: ='0529'!F10+'0530'!D10 -> 2395 | G10: ='0529'!G10+'0530'!E10 -> 7014000 | H10: ='0529'!H10+'0530'!D8 -> 57 | I10: ='0529'!I10+'0530'!D7 -> 2338
B11: 비고 | C11: 단체 명 무료 명
A12: 2 | B12: 전시명 : | C12: 어린이미술전 <우리 SUM 타볼래> | F12: 전시일: | G12: 2026. 2. 27(금) ~ 6. 28(일)
H13: 목표 매출액: | I13: 31500000
B14: 판매현황 | C14: 구분 | D14: 판매매수 | E14: 금액 | F14: 점유율
C15: 유료 | D15: 50 | E15: 252000 | F15: =G18/I13 -> 0.41455556
C16: 무료 | D16: 9
F17: 누계 총인원 | G17: 누계 총 금액 | H17: 누계 무료인원 | I17: 누계 유료인원
C18: 합계 | D18: =SUM(D15:D17) -> 59 | E18: =SUM(E15:E17) -> 252000 | F18: ='0529'!F18+'0530'!D18 -> 2631 | G18: ='0529'!G18+'0530'!E18 -> 13058500 | H18: ='0529'!H18+'0530'!D16 -> 193 | I18: ='0529'!I18+'0530'!D15 -> 1855
B19: 비고 | C19: 단체 명 무료 9명 | F19: 라이브 드로잉 공연 패키지 57명
A20: 3 | B20: 전시명 : | C20: 어린이미술전 <우리 SUM 타볼래> 워크숍 | F20: 전시일: | G20: 2026. 4. 16(토) ~ 5. 30(토), 4회차
H21: 목표 매출액: | I21: 4800000
B22: 판매현황 | C22: 구분 | D22: 판매매수 | E22: 금액 | F22: 점유율
C23: 유료 | D23: 21 | E23: 1852000 | F23: =G26/I21 -> 0.38583333
F25: 누계 총인원 | G25: 누계 총 금액 | H25: 누계 무료인원 | I25: 누계 유료인원
C26: 합계 | D26: =SUM(D23:D25) -> 21 | E26: =SUM(E23:E25) -> 1852000 | F26: ='0529'!F26+'0530'!D26 -> 21 | G26: ='0529'!G26+'0530'!E26 -> 1852000 | H26: ='0529'!H26+'0530'!D24 -> 0 | I26: ='0529'!I26+'0530'!D23 -> 21
B27: 비고

Sheet 0531
A1: 기획전시 판매현황 | H1: 팀 장
H3: 46173
A4: 1 | B4: 전시명 : | C4: 섬냥이 in 장도 | F4: 전시일: | G4: 2026. 3. 27(금) ~ 6. 21(일)
H5: 목표 매출액: | I5: 10000000
B6: 판매현황 | C6: 구분 | D6: 판매매수 | E6: 금액 | F6: 점유율
C7: 유료 | D7: 57 | E7: 171000 | F7: =G10/I5 -> 0.7185
C8: 무료 | D8: 2
F9: 누계 총인원 | G9: 누계 총 금액 | H9: 누계 무료인원 | I9: 누계 유료인원
C10: 합계 | D10: =SUM(D7:D9) -> 59 | E10: =SUM(E7:E9) -> 171000 | F10: ='0530'!F10+'0531'!D10 -> 2454 | G10: ='0530'!G10+'0531'!E10 -> 7185000 | H10: ='0530'!H10+'0531'!D8 -> 59 | I10: ='0530'!I10+'0531'!D7 -> 2395
B11: 비고 | C11: 단체 명 무료 2명
A12: 2 | B12: 전시명 : | C12: 어린이미술전 <우리 SUM 타볼래> | F12: 전시일: | G12: 2026. 2. 27(금) ~ 6. 28(일)
H13: 목표 매출액: | I13: 31500000
B14: 판매현황 | C14: 구분 | D14: 판매매수 | E14: 금액 | F14: 점유율
C15: 유료 | D15: 32 | E15: 186000 | F15: =G18/I13 -> 0.42046032
C16: 무료 | D16: 1
F17: 누계 총인원 | G17: 누계 총 금액 | H17: 누계 무료인원 | I17: 누계 유료인원
C18: 합계 | D18: =SUM(D15:D17) -> 33 | E18: =SUM(E15:E17) -> 186000 | F18: ='0530'!F18+'0531'!D18 -> 2664 | G18: ='0530'!G18+'0531'!E18 -> 13244500 | H18: ='0530'!H18+'0531'!D16 -> 194 | I18: ='0530'!I18+'0531'!D15 -> 1887
B19: 비고 | C19: 단체 명 무료 1명

Sheet 0602
A1: 기획전시 판매현황 | H1: 팀 장
H3: 46175
A4: 1 | B4: 전시명 : | C4: 섬냥이 in 장도 | F4: 전시일: | G4: 2026. 3. 27(금) ~ 6. 21(일)
H5: 목표 매출액: | I5: 10000000
B6: 판매현황 | C6: 구분 | D6: 판매매수 | E6: 금액 | F6: 점유율
C7: 유료 | D7: 11 | E7: 33000 | F7: =G10/I5 -> 0.7218
C8: 무료 | D8: 0
F9: 누계 총인원 | G9: 누계 총 금액 | H9: 누계 무료인원 | I9: 누계 유료인원
C10: 합계 | D10: =SUM(D7:D9) -> 11 | E10: =SUM(E7:E9) -> 33000 | F10: ='0531'!F10+'0602'!D10 -> 2465 | G10: ='0531'!G10+'0602'!E10 -> 7218000 | H10: ='0531'!H10+'0602'!D8 -> 59 | I10: ='0531'!I10+'0602'!D7 -> 2406
B11: 비고 | C11: 단체 명 무료 명
A12: 2 | B12: 전시명 : | C12: 어린이미술전 <우리 SUM 타볼래> | F12: 전시일: | G12: 2026. 2. 27(금) ~ 6. 28(일)
H13: 목표 매출액: | I13: 31500000
B14: 판매현황 | C14: 구분 | D14: 판매매수 | E14: 금액 | F14: 점유율
C15: 유료 | D15: 24 | E15: 112500 | F15: =G18/I13 -> 0.42403175
C16: 무료 | D16: 0
F17: 누계 총인원 | G17: 누계 총 금액 | H17: 누계 무료인원 | I17: 누계 유료인원
C18: 합계 | D18: =SUM(D15:D17) -> 24 | E18: =SUM(E15:E17) -> 112500 | F18: ='0531'!F18+'0602'!D18 -> 2688 | G18: ='0531'!G18+'0602'!E18 -> 13357000 | H18: ='0531'!H18+'0602'!D16 -> 194 | I18: ='0531'!I18+'0602'!D15 -> 1911
B19: 비고 | C19: 단체 15명 무료 명

Sheet 0603
A1: 기획전시 판매현황 | H1: 팀 장
H3: 46176
A4: 1 | B4: 전시명 : | C4: 섬냥이 in 장도 | F4: 전시일: | G4: 2026. 3. 27(금) ~ 6. 21(일)
H5: 목표 매출액: | I5: 10000000
B6: 판매현황 | C6: 구분 | D6: 판매매수 | E6: 금액 | F6: 점유율
C7: 유료 | D7: 32 | E7: 96000 | F7: =G10/I5 -> 0.7314
C8: 무료 | D8: 0
F9: 누계 총인원 | G9: 누계 총 금액 | H9: 누계 무료인원 | I9: 누계 유료인원
C10: 합계 | D10: =SUM(D7:D9) -> 32 | E10: =SUM(E7:E9) -> 96000 | F10: ='0602'!F10+'0603'!D10 -> 2497 | G10: ='0602'!G10+'0603'!E10 -> 7314000 | H10: ='0602'!H10+'0603'!D8 -> 59 | I10: ='0602'!I10+'0603'!D7 -> 2438
B11: 비고 | C11: 단체 명 무료 명
A12: 2 | B12: 전시명 : | C12: 어린이미술전 <우리 SUM 타볼래> | F12: 전시일: | G12: 2026. 2. 27(금) ~ 6. 28(일)
H13: 목표 매출액: | I13: 31500000
B14: 판매현황 | C14: 구분 | D14: 판매매수 | E14: 금액 | F14: 점유율
C15: 유료 | D15: 26 | E15: 140000 | F15: =G18/I13 -> 0.42847619
C16: 무료 | D16: 0
F17: 누계 총인원 | G17: 누계 총 금액 | H17: 누계 무료인원 | I17: 누계 유료인원
C18: 합계 | D18: =SUM(D15:D17) -> 26 | E18: =SUM(E15:E17) -> 140000 | F18: ='0602'!F18+'0603'!D18 -> 2714 | G18: ='0602'!G18+'0603'!E18 -> 13497000 | H18: ='0602'!H18+'0603'!D16 -> 194 | I18: ='0602'!I18+'0603'!D15 -> 1937
B19: 비고 | C19: 단체 명 무료 명

Sheet 0604
A1: 기획전시 판매현황 | H1: 팀 장
H3: 46177
A4: 1 | B4: 전시명 : | C4: 섬냥이 in 장도 | F4: 전시일: | G4: 2026. 3. 27(금) ~ 6. 21(일)
H5: 목표 매출액: | I5: 10000000
B6: 판매현황 | C6: 구분 | D6: 판매매수 | E6: 금액 | F6: 점유율
C7: 유료 | D7: 12 | E7: 36000 | F7: =G10/I5 -> 0.735
C8: 무료 | D8: 0
F9: 누계 총인원 | G9: 누계 총 금액 | H9: 누계 무료인원 | I9: 누계 유료인원
C10: 합계 | D10: =SUM(D7:D9) -> 12 | E10: =SUM(E7:E9) -> 36000 | F10: ='0603'!F10+'0604'!D10 -> 2509 | G10: ='0603'!G10+'0604'!E10 -> 7350000 | H10: ='0603'!H10+'0604'!D8 -> 59 | I10: ='0603'!I10+'0604'!D7 -> 2450
B11: 비고 | C11: 단체 명 무료 명
A12: 2 | B12: 전시명 : | C12: 어린이미술전 <우리 SUM 타볼래> | F12: 전시일: | G12: 2026. 2. 27(금) ~ 6. 28(일)
H13: 목표 매출액: | I13: 31500000
B14: 판매현황 | C14: 구분 | D14: 판매매수 | E14: 금액 | F14: 점유율
C15: 유료 | D15: 29 | E15: 140000 | F15: =G18/I13 -> 0.43292063
C16: 무료 | D16: 11
F17: 누계 총인원 | G17: 누계 총 금액 | H17: 누계 무료인원 | I17: 누계 유료인원
C18: 합계 | D18: =SUM(D15:D17) -> 40 | E18: =SUM(E15:E17) -> 140000 | F18: ='0603'!F18+'0604'!D18 -> 2754 | G18: ='0603'!G18+'0604'!E18 -> 13637000 | H18: ='0603'!H18+'0604'!D16 -> 205 | I18: ='0603'!I18+'0604'!D15 -> 1966
B19: 비고 | C19: 단체 26명 무료 11명 | F19: 전시 패키지 11명

Sheet 0605
A1: 기획전시 판매현황 | H1: 팀 장
H3: 46178
A4: 1 | B4: 전시명 : | C4: 섬냥이 in 장도 | F4: 전시일: | G4: 2026. 3. 27(금) ~ 6. 21(일)
H5: 목표 매출액: | I5: 10000000
B6: 판매현황 | C6: 구분 | D6: 판매매수 | E6: 금액 | F6: 점유율
C7: 유료 | D7: 30 | E7: 90000 | F7: =G10/I5 -> 0.744
C8: 무료 | D8: 0
F9: 누계 총인원 | G9: 누계 총 금액 | H9: 누계 무료인원 | I9: 누계 유료인원
C10: 합계 | D10: =SUM(D7:D9) -> 30 | E10: =SUM(E7:E9) -> 90000 | F10: ='0604'!F10+'0605'!D10 -> 2539 | G10: ='0604'!G10+'0605'!E10 -> 7440000 | H10: ='0604'!H10+'0605'!D8 -> 59 | I10: ='0604'!I10+'0605'!D7 -> 2480
B11: 비고 | C11: 단체 명 무료 명
A12: 2 | B12: 전시명 : | C12: 어린이미술전 <우리 SUM 타볼래> | F12: 전시일: | G12: 2026. 2. 27(금) ~ 6. 28(일)
H13: 목표 매출액: | I13: 31500000
B14: 판매현황 | C14: 구분 | D14: 판매매수 | E14: 금액 | F14: 점유율
C15: 유료 | D15: 28 | E15: 127500 | F15: =G18/I13 -> 0.43696825
C16: 무료 | D16: 1
F17: 누계 총인원 | G17: 누계 총 금액 | H17: 누계 무료인원 | I17: 누계 유료인원
C18: 합계 | D18: =SUM(D15:D17) -> 29 | E18: =SUM(E15:E17) -> 127500 | F18: ='0604'!F18+'0605'!D18 -> 2783 | G18: ='0604'!G18+'0605'!E18 -> 13764500 | H18: ='0604'!H18+'0605'!D16 -> 206 | I18: ='0604'!I18+'0605'!D15 -> 1994
B19: 비고 | C19: 단체 25명 무료 1명

Sheet 0606
A1: 기획전시 판매현황 | H1: 팀 장
H3: 46179
A4: 1 | B4: 전시명 : | C4: 섬냥이 in 장도 | F4: 전시일: | G4: 2026. 3. 27(금) ~ 6. 21(일)
H5: 목표 매출액: | I5: 10000000
B6: 판매현황 | C6: 구분 | D6: 판매매수 | E6: 금액 | F6: 점유율
C7: 유료 | D7: 51 | E7: 153000 | F7: =G10/I5 -> 0.7593
C8: 무료 | D8: 0
F9: 누계 총인원 | G9: 누계 총 금액 | H9: 누계 무료인원 | I9: 누계 유료인원
C10: 합계 | D10: =SUM(D7:D9) -> 51 | E10: =SUM(E7:E9) -> 153000 | F10: ='0605'!F10+'0606'!D10 -> 2590 | G10: ='0605'!G10+'0606'!E10 -> 7593000 | H10: ='0605'!H10+'0606'!D8 -> 59 | I10: ='0605'!I10+'0606'!D7 -> 2531
B11: 비고 | C11: 단체 명 무료 명
A12: 2 | B12: 전시명 : | C12: 어린이미술전 <우리 SUM 타볼래> | F12: 전시일: | G12: 2026. 2. 27(금) ~ 6. 28(일)
H13: 목표 매출액: | I13: 31500000
B14: 판매현황 | C14: 구분 | D14: 판매매수 | E14: 금액 | F14: 점유율
C15: 유료 | D15: 7 | E15: 37000 | F15: =G18/I13 -> 0.43814286
C16: 무료 | D16: 5
F17: 누계 총인원 | G17: 누계 총 금액 | H17: 누계 무료인원 | I17: 누계 유료인원
C18: 합계 | D18: =SUM(D15:D17) -> 12 | E18: =SUM(E15:E17) -> 37000 | F18: ='0605'!F18+'0606'!D18 -> 2795 | G18: ='0605'!G18+'0606'!E18 -> 13801500 | H18: ='0605'!H18+'0606'!D16 -> 211 | I18: ='0605'!I18+'0606'!D15 -> 2001
B19: 비고 | C19: 단체 명 무료 5명

Sheet 0607
A1: 기획전시 판매현황 | H1: 팀 장
H3: 46180
A4: 1 | B4: 전시명 : | C4: 섬냥이 in 장도 | F4: 전시일: | G4: 2026. 3. 27(금) ~ 6. 21(일)
H5: 목표 매출액: | I5: 10000000
B6: 판매현황 | C6: 구분 | D6: 판매매수 | E6: 금액 | F6: 점유율
C7: 유료 | D7: 90 | E7: 270000 | F7: =G10/I5 -> 0.7863
C8: 무료 | D8: 0
F9: 누계 총인원 | G9: 누계 총 금액 | H9: 누계 무료인원 | I9: 누계 유료인원
C10: 합계 | D10: =SUM(D7:D9) -> 90 | E10: =SUM(E7:E9) -> 270000 | F10: ='0606'!F10+'0607'!D10 -> 2680 | G10: ='0606'!G10+'0607'!E10 -> 7863000 | H10: ='0606'!H10+'0607'!D8 -> 59 | I10: ='0606'!I10+'0607'!D7 -> 2621
B11: 비고 | C11: 단체 명 무료 명
A12: 2 | B12: 전시명 : | C12: 어린이미술전 <우리 SUM 타볼래> | F12: 전시일: | G12: 2026. 2. 27(금) ~ 6. 28(일)
H13: 목표 매출액: | I13: 31500000
B14: 판매현황 | C14: 구분 | D14: 판매매수 | E14: 금액 | F14: 점유율
C15: 유료 | D15: 15 | E15: 79000 | F15: =G18/I13 -> 0.44065079
C16: 무료 | D16: 1
F17: 누계 총인원 | G17: 누계 총 금액 | H17: 누계 무료인원 | I17: 누계 유료인원
C18: 합계 | D18: =SUM(D15:D17) -> 16 | E18: =SUM(E15:E17) -> 79000 | F18: ='0606'!F18+'0607'!D18 -> 2811 | G18: ='0606'!G18+'0607'!E18 -> 13880500 | H18: ='0606'!H18+'0607'!D16 -> 212 | I18: ='0606'!I18+'0607'!D15 -> 2016
B19: 비고 | C19: 단체 명 무료 명

Sheet 0609
A1: 기획전시 판매현황 | H1: 팀 장
H3: 46182
A4: 1 | B4: 전시명 : | C4: 섬냥이 in 장도 | F4: 전시일: | G4: 2026. 3. 27(금) ~ 6. 21(일)
H5: 목표 매출액: | I5: 10000000
B6: 판매현황 | C6: 구분 | D6: 판매매수 | E6: 금액 | F6: 점유율
C7: 유료 | D7: 8 | E7: 24000 | F7: =G10/I5 -> 0.7887
C8: 무료 | D8: 1
F9: 누계 총인원 | G9: 누계 총 금액 | H9: 누계 무료인원 | I9: 누계 유료인원
C10: 합계 | D10: =SUM(D7:D9) -> 9 | E10: =SUM(E7:E9) -> 24000 | F10: ='0607'!F10+'0609'!D10 -> 2689 | G10: ='0607'!G10+'0609'!E10 -> 7887000 | H10: ='0607'!H10+'0609'!D8 -> 60 | I10: ='0607'!I10+'0609'!D7 -> 2629
B11: 비고 | C11: 단체 명 무료 1명
A12: 2 | B12: 전시명 : | C12: 어린이미술전 <우리 SUM 타볼래> | F12: 전시일: | G12: 2026. 2. 27(금) ~ 6. 28(일)
H13: 목표 매출액: | I13: 31500000
B14: 판매현황 | C14: 구분 | D14: 판매매수 | E14: 금액 | F14: 점유율
C15: 유료 | D15: 3 | E15: 15000 | F15: =G18/I13 -> 0.44112698
C16: 무료
F17: 누계 총인원 | G17: 누계 총 금액 | H17: 누계 무료인원 | I17: 누계 유료인원
C18: 합계 | D18: =SUM(D15:D17) -> 3 | E18: =SUM(E15:E17) -> 15000 | F18: ='0607'!F18+'0609'!D18 -> 2814 | G18: ='0607'!G18+'0609'!E18 -> 13895500 | H18: ='0607'!H18+'0609'!D16 -> 212 | I18: ='0607'!I18+'0609'!D15 -> 2019
B19: 비고 | C19: 단체 명 무료 명

Sheet 0610
A1: 기획전시 판매현황 | H1: 팀 장
H3: 46183
A4: 1 | B4: 전시명 : | C4: 섬냥이 in 장도 | F4: 전시일: | G4: 2026. 3. 27(금) ~ 6. 21(일)
H5: 목표 매출액: | I5: 10000000
B6: 판매현황 | C6: 구분 | D6: 판매매수 | E6: 금액 | F6: 점유율
C7: 유료 | D7: 34 | E7: 102000 | F7: =G10/I5 -> 0.7989
C8: 무료 | D8: 0
F9: 누계 총인원 | G9: 누계 총 금액 | H9: 누계 무료인원 | I9: 누계 유료인원
C10: 합계 | D10: =SUM(D7:D9) -> 34 | E10: =SUM(E7:E9) -> 102000 | F10: ='0609'!F10+'0610'!D10 -> 2723 | G10: ='0609'!G10+'0610'!E10 -> 7989000 | H10: ='0609'!H10+'0610'!D8 -> 60 | I10: ='0609'!I10+'0610'!D7 -> 2663
B11: 비고 | C11: 단체 명 무료 명
A12: 2 | B12: 전시명 : | C12: 어린이미술전 <우리 SUM 타볼래> | F12: 전시일: | G12: 2026. 2. 27(금) ~ 6. 28(일)
H13: 목표 매출액: | I13: 31500000
B14: 판매현황 | C14: 구분 | D14: 판매매수 | E14: 금액 | F14: 점유율
C15: 유료 | D15: 4 | E15: 20000 | F15: =G18/I13 -> 0.4417619
C16: 무료
F17: 누계 총인원 | G17: 누계 총 금액 | H17: 누계 무료인원 | I17: 누계 유료인원
C18: 합계 | D18: =SUM(D15:D17) -> 4 | E18: =SUM(E15:E17) -> 20000 | F18: ='0609'!F18+'0610'!D18 -> 2818 | G18: ='0609'!G18+'0610'!E18 -> 13915500 | H18: ='0609'!H18+'0610'!D16 -> 212 | I18: ='0609'!I18+'0610'!D15 -> 2023
B19: 비고 | C19: 단체 명 무료 명

Sheet 0611
A1: 기획전시 판매현황 | H1: 팀 장
H3: 46184
A4: 1 | B4: 전시명 : | C4: 섬냥이 in 장도 | F4: 전시일: | G4: 2026. 3. 27(금) ~ 6. 21(일)
H5: 목표 매출액: | I5: 10000000
B6: 판매현황 | C6: 구분 | D6: 판매매수 | E6: 금액 | F6: 점유율
C7: 유료 | D7: 7 | E7: 21000 | F7: =G10/I5 -> 0.801
C8: 무료 | D8: 0
F9: 누계 총인원 | G9: 누계 총 금액 | H9: 누계 무료인원 | I9: 누계 유료인원
C10: 합계 | D10: =SUM(D7:D9) -> 7 | E10: =SUM(E7:E9) -> 21000 | F10: ='0610'!F10+'0611'!D10 -> 2730 | G10: ='0610'!G10+'0611'!E10 -> 8010000 | H10: ='0610'!H10+'0611'!D8 -> 60 | I10: ='0610'!I10+'0611'!D7 -> 2670
B11: 비고 | C11: 단체 명 무료 명
A12: 2 | B12: 전시명 : | C12: 어린이미술전 <우리 SUM 타볼래> | F12: 전시일: | G12: 2026. 2. 27(금) ~ 6. 28(일)
H13: 목표 매출액: | I13: 31500000
B14: 판매현황 | C14: 구분 | D14: 판매매수 | E14: 금액 | F14: 점유율
C15: 유료 | D15: 21 | E15: 121000 | F15: =G18/I13 -> 0.44560317
C16: 무료
F17: 누계 총인원 | G17: 누계 총 금액 | H17: 누계 무료인원 | I17: 누계 유료인원
C18: 합계 | D18: =SUM(D15:D17) -> 21 | E18: =SUM(E15:E17) -> 121000 | F18: ='0610'!F18+'0611'!D18 -> 2839 | G18: ='0610'!G18+'0611'!E18 -> 14036500 | H18: ='0610'!H18+'0611'!D16 -> 212 | I18: ='0610'!I18+'0611'!D15 -> 2044
B19: 비고 | C19: 단체 19명 무료 명

Sheet 0612
A1: 기획전시 판매현황 | H1: 팀 장
H3: 46185
A4: 1 | B4: 전시명 : | C4: 섬냥이 in 장도 | F4: 전시일: | G4: 2026. 3. 27(금) ~ 6. 21(일)
H5: 목표 매출액: | I5: 10000000
B6: 판매현황 | C6: 구분 | D6: 판매매수 | E6: 금액 | F6: 점유율
C7: 유료 | D7: 11 | E7: 33000 | F7: =G10/I5 -> 0.8043
C8: 무료 | D8: 1
F9: 누계 총인원 | G9: 누계 총 금액 | H9: 누계 무료인원 | I9: 누계 유료인원
C10: 합계 | D10: =SUM(D7:D9) -> 12 | E10: =SUM(E7:E9) -> 33000 | F10: ='0611'!F10+'0612'!D10 -> 2742 | G10: ='0611'!G10+'0612'!E10 -> 8043000 | H10: ='0611'!H10+'0612'!D8 -> 61 | I10: ='0611'!I10+'0612'!D7 -> 2681
B11: 비고 | C11: 단체 명 무료 1명
A12: 2 | B12: 전시명 : | C12: 어린이미술전 <우리 SUM 타볼래> | F12: 전시일: | G12: 2026. 2. 27(금) ~ 6. 28(일)
H13: 목표 매출액: | I13: 31500000
B14: 판매현황 | C14: 구분 | D14: 판매매수 | E14: 금액 | F14: 점유율
C15: 유료 | D15: 34 | E15: 158500 | F15: =G18/I13 -> 0.45063492
C16: 무료 | D16: 4
F17: 누계 총인원 | G17: 누계 총 금액 | H17: 누계 무료인원 | I17: 누계 유료인원
C18: 합계 | D18: =SUM(D15:D17) -> 38 | E18: =SUM(E15:E17) -> 158500 | F18: ='0611'!F18+'0612'!D18 -> 2877 | G18: ='0611'!G18+'0612'!E18 -> 14195000 | H18: ='0611'!H18+'0612'!D16 -> 216 | I18: ='0611'!I18+'0612'!D15 -> 2078
B19: 비고 | C19: 단체 27명 무료 4명 | F19: 전시 패키지 2명

Sheet 0613
A1: 기획전시 판매현황 | H1: 팀 장
H3: 46186
A4: 1 | B4: 전시명 : | C4: 섬냥이 in 장도 | F4: 전시일: | G4: 2026. 3. 27(금) ~ 6. 21(일)
H5: 목표 매출액: | I5: 10000000
B6: 판매현황 | C6: 구분 | D6: 판매매수 | E6: 금액 | F6: 점유율
C7: 유료 | D7: 57 | E7: 171000 | F7: =G10/I5 -> 0.8214
C8: 무료 | D8: 3
F9: 누계 총인원 | G9: 누계 총 금액 | H9: 누계 무료인원 | I9: 누계 유료인원
C10: 합계 | D10: =SUM(D7:D9) -> 60 | E10: =SUM(E7:E9) -> 171000 | F10: ='0612'!F10+'0613'!D10 -> 2802 | G10: ='0612'!G10+'0613'!E10 -> 8214000 | H10: ='0612'!H10+'0613'!D8 -> 64 | I10: ='0612'!I10+'0613'!D7 -> 2738
B11: 비고 | C11: 단체 명 무료 3명
A12: 2 | B12: 전시명 : | C12: 어린이미술전 <우리 SUM 타볼래> | F12: 전시일: | G12: 2026. 2. 27(금) ~ 6. 28(일)
H13: 목표 매출액: | I13: 31500000
B14: 판매현황 | C14: 구분 | D14: 판매매수 | E14: 금액 | F14: 점유율
C15: 유료 | D15: 22 | E15: 120000 | F15: =G18/I13 -> 0.45444444
C16: 무료 | D16: 5
F17: 누계 총인원 | G17: 누계 총 금액 | H17: 누계 무료인원 | I17: 누계 유료인원
C18: 합계 | D18: =SUM(D15:D17) -> 27 | E18: =SUM(E15:E17) -> 120000 | F18: ='0612'!F18+'0613'!D18 -> 2904 | G18: ='0612'!G18+'0613'!E18 -> 14315000 | H18: ='0612'!H18+'0613'!D16 -> 221 | I18: ='0612'!I18+'0613'!D15 -> 2100
B19: 비고 | C19: 단체 명 무료 5명
A20: 3 | B20: 전시명 : | C20: 창작스튜디오 오픈스튜디오 | F20: 전시일: | G20: 2026. 6. 13(토) ~ 6. 14(일)
B22: 현황 | C22: 구분 | D22: 관람인원
C23: 스튜디오1 | D23: 117
C24: 스티디오2 | D24: 137
C25: 스튜디오3 | D25: 150
C26: 스티디오4 | D26: 128
F27: 누계 총인원 | G27: 누계 총 금액 | H27: 누계 무료인원 | I27: 누계 유료인원
C28: 합계 | D28: =SUM(D23:D27) -> 532 | E28: =SUM(E23:E27) -> 0 | F28: =D28 -> 532
B29: 비고 | C29: 지역 연계 프로그램 박금만 - 9명 안민환 - 5명

Sheet 0614
A1: 기획전시 판매현황 | H1: 팀 장
H3: 46187
A4: 1 | B4: 전시명 : | C4: 섬냥이 in 장도 | F4: 전시일: | G4: 2026. 3. 27(금) ~ 6. 21(일)
H5: 목표 매출액: | I5: 10000000
B6: 판매현황 | C6: 구분 | D6: 판매매수 | E6: 금액 | F6: 점유율
C7: 유료 | D7: 63 | E7: 189000 | F7: =G10/I5 -> 0.8403
C8: 무료 | D8: 4
F9: 누계 총인원 | G9: 누계 총 금액 | H9: 누계 무료인원 | I9: 누계 유료인원
C10: 합계 | D10: =SUM(D7:D9) -> 67 | E10: =SUM(E7:E9) -> 189000 | F10: ='0613'!F10+'0614'!D10 -> 2869 | G10: ='0613'!G10+'0614'!E10 -> 8403000 | H10: ='0613'!H10+'0614'!D8 -> 68 | I10: ='0613'!I10+'0614'!D7 -> 2801
B11: 비고 | C11: 단체 명 무료 4명
A12: 2 | B12: 전시명 : | C12: 어린이미술전 <우리 SUM 타볼래> | F12: 전시일: | G12: 2026. 2. 27(금) ~ 6. 28(일)
H13: 목표 매출액: | I13: 31500000
B14: 판매현황 | C14: 구분 | D14: 판매매수 | E14: 금액 | F14: 점유율
C15: 유료 | D15: 32 | E15: 182000 | F15: =G18/I13 -> 0.46022222
C16: 무료 | D16: 0
F17: 누계 총인원 | G17: 누계 총 금액 | H17: 누계 무료인원 | I17: 누계 유료인원
C18: 합계 | D18: =SUM(D15:D17) -> 32 | E18: =SUM(E15:E17) -> 182000 | F18: ='0613'!F18+'0614'!D18 -> 2936 | G18: ='0613'!G18+'0614'!E18 -> 14497000 | H18: ='0613'!H18+'0614'!D16 -> 221 | I18: ='0613'!I18+'0614'!D15 -> 2132
B19: 비고 | C19: 단체 명 무료 5명 | F19: 전시 패키지 3명
A20: 3 | B20: 전시명 : | C20: 창작스튜디오 오픈스튜디오 | F20: 전시일: | G20: 2026. 6. 13(토) ~ 6. 14(일)
B22: 현황 | C22: 구분 | D22: 관람인원
C23: 스튜디오1 | D23: 112
C24: 스티디오2 | D24: 106
C25: 스튜디오3 | D25: 203
C26: 스티디오4 | D26: 101
F27: 누계 총인원 | G27: 누계 총 금액 | H27: 누계 무료인원 | I27: 누계 유료인원
C28: 합계 | D28: =SUM(D23:D27) -> 522 | E28: =SUM(E23:E27) -> 0 | F28: ='0613'!F28+'0614'!D28 -> 1054
B29: 비고 | C29: 지역 연계 프로그램 정혜령 - 10명 김서량 - 6명

Sheet 0616
A1: 기획전시 판매현황 | H1: 팀 장
H3: 46189
A4: 1 | B4: 전시명 : | C4: 섬냥이 in 장도 | F4: 전시일: | G4: 2026. 3. 27(금) ~ 6. 21(일)
H5: 목표 매출액: | I5: 10000000
B6: 판매현황 | C6: 구분 | D6: 판매매수 | E6: 금액 | F6: 점유율
C7: 유료 | D7: 26 | E7: 78000 | F7: =G10/I5 -> 0.8481
C8: 무료 | D8: 0
F9: 누계 총인원 | G9: 누계 총 금액 | H9: 누계 무료인원 | I9: 누계 유료인원
C10: 합계 | D10: =SUM(D7:D9) -> 26 | E10: =SUM(E7:E9) -> 78000 | F10: ='0614'!F10+'0616'!D10 -> 2895 | G10: ='0614'!G10+'0616'!E10 -> 8481000 | H10: ='0614'!H10+'0616'!D8 -> 68 | I10: ='0614'!I10+'0616'!D7 -> 2827
B11: 비고 | C11: 단체 명 무료 명
A12: 2 | B12: 전시명 : | C12: 어린이미술전 <우리 SUM 타볼래> | F12: 전시일: | G12: 2026. 2. 27(금) ~ 6. 28(일)
H13: 목표 매출액: | I13: 31500000
B14: 판매현황 | C14: 구분 | D14: 판매매수 | E14: 금액 | F14: 점유율
C15: 유료 | D15: 35 | E15: 164000 | F15: =G18/I13 -> 0.46542857
C16: 무료 | D16: 2
F17: 누계 총인원 | G17: 누계 총 금액 | H17: 누계 무료인원 | I17: 누계 유료인원
C18: 합계 | D18: =SUM(D15:D17) -> 37 | E18: =SUM(E15:E17) -> 164000 | F18: ='0614'!F18+'0616'!D18 -> 2973 | G18: ='0614'!G18+'0616'!E18 -> 14661000 | H18: ='0614'!H18+'0616'!D16 -> 223 | I18: ='0614'!I18+'0616'!D15 -> 2167
B19: 비고 | C19: 단체 26명 무료 2명

Sheet 0617
A1: 기획전시 판매현황 | H1: 팀 장
H3: 46190
A4: 1 | B4: 전시명 : | C4: 섬냥이 in 장도 | F4: 전시일: | G4: 2026. 3. 27(금) ~ 6. 21(일)
H5: 목표 매출액: | I5: 10000000
B6: 판매현황 | C6: 구분 | D6: 판매매수 | E6: 금액 | F6: 점유율
C7: 유료 | D7: 6 | E7: 18000 | F7: =G10/I5 -> 0.8499
C8: 무료 | D8: 0
F9: 누계 총인원 | G9: 누계 총 금액 | H9: 누계 무료인원 | I9: 누계 유료인원
C10: 합계 | D10: =SUM(D7:D9) -> 6 | E10: =SUM(E7:E9) -> 18000 | F10: ='0616'!F10+'0617'!D10 -> 2901 | G10: ='0616'!G10+'0617'!E10 -> 8499000 | H10: ='0616'!H10+'0617'!D8 -> 68 | I10: ='0616'!I10+'0617'!D7 -> 2833
B11: 비고 | C11: 단체 명 무료 명
A12: 2 | B12: 전시명 : | C12: 어린이미술전 <우리 SUM 타볼래> | F12: 전시일: | G12: 2026. 2. 27(금) ~ 6. 28(일)
H13: 목표 매출액: | I13: 31500000
B14: 판매현황 | C14: 구분 | D14: 판매매수 | E14: 금액 | F14: 점유율
C15: 유료 | D15: 70 | E15: 328000 | F15: =G18/I13 -> 0.47584127
C16: 무료 | D16: 10
F17: 누계 총인원 | G17: 누계 총 금액 | H17: 누계 무료인원 | I17: 누계 유료인원
C18: 합계 | D18: =SUM(D15:D17) -> 80 | E18: =SUM(E15:E17) -> 328000 | F18: ='0616'!F18+'0617'!D18 -> 3053 | G18: ='0616'!G18+'0617'!E18 -> 14989000 | H18: ='0616'!H18+'0617'!D16 -> 233 | I18: ='0616'!I18+'0617'!D15 -> 2237
B19: 비고 | C19: 단체 65명 무료 10명

Sheet 0618
A1: 기획전시 판매현황 | H1: 팀 장
H3: 46191
A4: 1 | B4: 전시명 : | C4: 섬냥이 in 장도 | F4: 전시일: | G4: 2026. 3. 27(금) ~ 6. 21(일)
H5: 목표 매출액: | I5: 10000000
B6: 판매현황 | C6: 구분 | D6: 판매매수 | E6: 금액 | F6: 점유율
C7: 유료 | D7: 19 | E7: 57000 | F7: =G10/I5 -> 0.8556
C8: 무료 | D8: 2
F9: 누계 총인원 | G9: 누계 총 금액 | H9: 누계 무료인원 | I9: 누계 유료인원
C10: 합계 | D10: =SUM(D7:D9) -> 21 | E10: =SUM(E7:E9) -> 57000 | F10: ='0617'!F10+'0618'!D10 -> 2922 | G10: ='0617'!G10+'0618'!E10 -> 8556000 | H10: ='0617'!H10+'0618'!D8 -> 70 | I10: ='0617'!I10+'0618'!D7 -> 2852
B11: 비고 | C11: 단체 명 무료 명
A12: 2 | B12: 전시명 : | C12: 어린이미술전 <우리 SUM 타볼래> | F12: 전시일: | G12: 2026. 2. 27(금) ~ 6. 28(일)
H13: 목표 매출액: | I13: 31500000
B14: 판매현황 | C14: 구분 | D14: 판매매수 | E14: 금액 | F14: 점유율
C15: 유료 | D15: 211 | E15: 1376000 | F15: =G18/I13 -> 0.51952381
C16: 무료 | D16: 1
F17: 누계 총인원 | G17: 누계 총 금액 | H17: 누계 무료인원 | I17: 누계 유료인원
C18: 합계 | D18: =SUM(D15:D17) -> 212 | E18: =SUM(E15:E17) -> 1376000 | F18: ='0617'!F18+'0618'!D18 -> 3265 | G18: ='0617'!G18+'0618'!E18 -> 16365000 | H18: ='0617'!H18+'0618'!D16 -> 234 | I18: ='0617'!I18+'0618'!D15 -> 2448
B19: 비고 | C19: 단체 명 무료 1명 | F19: 안산중 선결제 : 170명

Sheet 0619
A1: 기획전시 판매현황 | H1: 팀 장
H3: 46192
A4: 1 | B4: 전시명 : | C4: 섬냥이 in 장도 | F4: 전시일: | G4: 2026. 3. 27(금) ~ 6. 21(일)
H5: 목표 매출액: | I5: 10000000
B6: 판매현황 | C6: 구분 | D6: 판매매수 | E6: 금액 | F6: 점유율
C7: 유료 | D7: 26 | E7: 78000 | F7: =G10/I5 -> 0.8634
C8: 무료 | D8: 0
F9: 누계 총인원 | G9: 누계 총 금액 | H9: 누계 무료인원 | I9: 누계 유료인원
C10: 합계 | D10: =SUM(D7:D9) -> 26 | E10: =SUM(E7:E9) -> 78000 | F10: ='0618'!F10+'0619'!D10 -> 2948 | G10: ='0618'!G10+'0619'!E10 -> 8634000 | H10: ='0618'!H10+'0619'!D8 -> 70 | I10: ='0618'!I10+'0619'!D7 -> 2878
B11: 비고 | C11: 단체 명 무료 명
A12: 2 | B12: 전시명 : | C12: 어린이미술전 <우리 SUM 타볼래> | F12: 전시일: | G12: 2026. 2. 27(금) ~ 6. 28(일)
H13: 목표 매출액: | I13: 31500000
B14: 판매현황 | C14: 구분 | D14: 판매매수 | E14: 금액 | F14: 점유율
C15: 유료 | D15: 101 | E15: 536500 | F15: =G18/I13 -> 0.53655556
C16: 무료 | D16: 13
F17: 누계 총인원 | G17: 누계 총 금액 | H17: 누계 무료인원 | I17: 누계 유료인원
C18: 합계 | D18: =SUM(D15:D17) -> 114 | E18: =SUM(E15:E17) -> 536500 | F18: ='0618'!F18+'0619'!D18 -> 3379 | G18: ='0618'!G18+'0619'!E18 -> 16901500 | H18: ='0618'!H18+'0619'!D16 -> 247 | I18: ='0618'!I18+'0619'!D15 -> 2549
B19: 비고 | C19: 단체 101명 무료 13명

Sheet 0620
A1: 기획전시 판매현황 | H1: 팀 장
H3: 46193
A4: 1 | B4: 전시명 : | C4: 섬냥이 in 장도 | F4: 전시일: | G4: 2026. 3. 27(금) ~ 6. 21(일)
H5: 목표 매출액: | I5: 10000000
B6: 판매현황 | C6: 구분 | D6: 판매매수 | E6: 금액 | F6: 점유율
C7: 유료 | D7: 68 | E7: 204000 | F7: =G10/I5 -> 0.8838
C8: 무료 | D8: 2
F9: 누계 총인원 | G9: 누계 총 금액 | H9: 누계 무료인원 | I9: 누계 유료인원
C10: 합계 | D10: =SUM(D7:D9) -> 70 | E10: =SUM(E7:E9) -> 204000 | F10: ='0619'!F10+'0620'!D10 -> 3018 | G10: ='0619'!G10+'0620'!E10 -> 8838000 | H10: ='0619'!H10+'0620'!D8 -> 72 | I10: ='0619'!I10+'0620'!D7 -> 2946
B11: 비고 | C11: 단체 명 무료 2명
A12: 2 | B12: 전시명 : | C12: 어린이미술전 <우리 SUM 타볼래> | F12: 전시일: | G12: 2026. 2. 27(금) ~ 6. 28(일)
H13: 목표 매출액: | I13: 31500000
B14: 판매현황 | C14: 구분 | D14: 판매매수 | E14: 금액 | F14: 점유율
C15: 유료 | D15: 61 | E15: 313000 | F15: =G18/I13 -> 0.54649206
C16: 무료 | D16: 1
F17: 누계 총인원 | G17: 누계 총 금액 | H17: 누계 무료인원 | I17: 누계 유료인원
C18: 합계 | D18: =SUM(D15:D17) -> 62 | E18: =SUM(E15:E17) -> 313000 | F18: ='0619'!F18+'0620'!D18 -> 3441 | G18: ='0619'!G18+'0620'!E18 -> 17214500 | H18: ='0619'!H18+'0620'!D16 -> 248 | I18: ='0619'!I18+'0620'!D15 -> 2610
B19: 비고 | C19: 단체 명 무료 1명

Sheet 0621
A1: 기획전시 판매현황 | H1: 팀 장
H3: 46194
A4: 1 | B4: 전시명 : | C4: 섬냥이 in 장도 | F4: 전시일: | G4: 2026. 3. 27(금) ~ 6. 21(일)
H5: 목표 매출액: | I5: 10000000
B6: 판매현황 | C6: 구분 | D6: 판매매수 | E6: 금액 | F6: 점유율
C7: 유료 | D7: 62 | E7: 186000 | F7: =G10/I5 -> 0.9024
C8: 무료 | D8: 0
F9: 누계 총인원 | G9: 누계 총 금액 | H9: 누계 무료인원 | I9: 누계 유료인원
C10: 합계 | D10: =SUM(D7:D9) -> 62 | E10: =SUM(E7:E9) -> 186000 | F10: ='0620'!F10+'0621'!D10 -> 3080 | G10: ='0620'!G10+'0621'!E10 -> 9024000 | H10: ='0620'!H10+'0621'!D8 -> 72 | I10: ='0620'!I10+'0621'!D7 -> 3008
B11: 비고 | C11: 단체 명 무료 명
A12: 2 | B12: 전시명 : | C12: 어린이미술전 <우리 SUM 타볼래> | F12: 전시일: | G12: 2026. 2. 27(금) ~ 6. 28(일)
H13: 목표 매출액: | I13: 31500000
B14: 판매현황 | C14: 구분 | D14: 판매매수 | E14: 금액 | F14: 점유율
C15: 유료 | D15: 19 | E15: 101000 | F15: =G18/I13 -> 0.54969841
C16: 무료 | D16: 2
F17: 누계 총인원 | G17: 누계 총 금액 | H17: 누계 무료인원 | I17: 누계 유료인원
C18: 합계 | D18: =SUM(D15:D17) -> 21 | E18: =SUM(E15:E17) -> 101000 | F18: ='0620'!F18+'0621'!D18 -> 3462 | G18: ='0620'!G18+'0621'!E18 -> 17315500 | H18: ='0620'!H18+'0621'!D16 -> 250 | I18: ='0620'!I18+'0621'!D15 -> 2629
B19: 비고 | C19: 단체 명 무료 2명

Sheet 0623
A1: 기획전시 판매현황 | H1: 팀 장
H3: 46196
A4: 1 | B4: 전시명 : | C4: 어린이미술전 <우리 SUM 타볼래> | F4: 전시일: | G4: 2026. 2. 27(금) ~ 6. 28(일)
H5: 목표 매출액: | I5: 31500000
B6: 판매현황 | C6: 구분 | D6: 판매매수 | E6: 금액 | F6: 점유율
C7: 유료 | D7: 32 | E7: 160000 | F7: =G10/I5 -> 0.55477778
C8: 무료 | D8: 0
F9: 누계 총인원 | G9: 누계 총 금액 | H9: 누계 무료인원 | I9: 누계 유료인원
C10: 합계 | D10: =SUM(D7:D9) -> 32 | E10: =SUM(E7:E9) -> 160000 | F10: ='0621'!F18+'0623'!D10 -> 3494 | G10: ='0621'!G18+'0623'!E10 -> 17475500 | H10: ='0621'!H18+'0623'!D8 -> 250 | I10: ='0621'!I18+'0623'!D7 -> 2661
B11: 비고 | C11: 단체 26명 무료 0명

Sheet 0624
A1: 기획전시 판매현황 | H1: 팀 장
H3: 46197
A4: 1 | B4: 전시명 : | C4: 어린이미술전 <우리 SUM 타볼래> | F4: 전시일: | G4: 2026. 2. 27(금) ~ 6. 28(일)
H5: 목표 매출액: | I5: 31500000
B6: 판매현황 | C6: 구분 | D6: 판매매수 | E6: 금액 | F6: 점유율
C7: 유료 | D7: 136 | E7: 784500 | F7: =G10/I5 -> 0.57968254
C8: 무료 | D8: 10
F9: 누계 총인원 | G9: 누계 총 금액 | H9: 누계 무료인원 | I9: 누계 유료인원
C10: 합계 | D10: =SUM(D7:D9) -> 146 | E10: =SUM(E7:E9) -> 784500 | F10: ='0623'!F10+'0624'!D10 -> 3640 | G10: ='0623'!G10+'0624'!E10 -> 18260000 | H10: ='0623'!H10+'0624'!D8 -> 260 | I10: ='0623'!I10+'0624'!D7 -> 2797
B11: 비고 | C11: 단체 131명 무료 10명

Sheet 0625
A1: 기획전시 판매현황 | H1: 팀 장
H3: 46198
A4: 1 | B4: 전시명 : | C4: 어린이미술전 <우리 SUM 타볼래> | F4: 전시일: | G4: 2026. 2. 27(금) ~ 6. 28(일)
H5: 목표 매출액: | I5: 31500000
B6: 판매현황 | C6: 구분 | D6: 판매매수 | E6: 금액 | F6: 점유율
C7: 유료 | D7: 39 | E7: 176500 | F7: =G10/I5 -> 0.58528571
C8: 무료 | D8: 10
F9: 누계 총인원 | G9: 누계 총 금액 | H9: 누계 무료인원 | I9: 누계 유료인원
C10: 합계 | D10: =SUM(D7:D9) -> 49 | E10: =SUM(E7:E9) -> 176500 | F10: ='0624'!F10+'0625'!D10 -> 3689 | G10: ='0624'!G10+'0625'!E10 -> 18436500 | H10: ='0624'!H10+'0625'!D8 -> 270 | I10: ='0624'!I10+'0625'!D7 -> 2836
B11: 비고 | C11: 단체 37명 무료 10명

Sheet 0626
A1: 기획전시 판매현황 | H1: 팀 장
H3: 46199
A4: 1 | B4: 전시명 : | C4: 어린이미술전 <우리 SUM 타볼래> | F4: 전시일: | G4: 2026. 2. 27(금) ~ 6. 28(일)
H5: 목표 매출액: | I5: 31500000
B6: 판매현황 | C6: 구분 | D6: 판매매수 | E6: 금액 | F6: 점유율
C7: 유료 | D7: 64 | E7: 320000 | F7: =G10/I5 -> 0.59544444
C8: 무료 | D8: 6
F9: 누계 총인원 | G9: 누계 총 금액 | H9: 누계 무료인원 | I9: 누계 유료인원
C10: 합계 | D10: =SUM(D7:D9) -> 70 | E10: =SUM(E7:E9) -> 320000 | F10: ='0625'!F10+'0626'!D10 -> 3759 | G10: ='0625'!G10+'0626'!E10 -> 18756500 | H10: ='0625'!H10+'0626'!D8 -> 276 | I10: ='0625'!I10+'0626'!D7 -> 2900
B11: 비고 | C11: 단체 53명 무료 6명

Sheet 0627
A1: 기획전시 판매현황 | H1: 팀 장
H3: 46200
A4: 1 | B4: 전시명 : | C4: 어린이미술전 <우리 SUM 타볼래> | F4: 전시일: | G4: 2026. 2. 27(금) ~ 6. 28(일)
H5: 목표 매출액: | I5: 31500000
B6: 판매현황 | C6: 구분 | D6: 판매매수 | E6: 금액 | F6: 점유율
C7: 유료 | D7: 19 | E7: 99000 | F7: =G10/I5 -> 0.5985873
C8: 무료 | D8: 0
F9: 누계 총인원 | G9: 누계 총 금액 | H9: 누계 무료인원 | I9: 누계 유료인원
C10: 합계 | D10: =SUM(D7:D9) -> 19 | E10: =SUM(E7:E9) -> 99000 | F10: ='0626'!F10+'0627'!D10 -> 3778 | G10: ='0626'!G10+'0627'!E10 -> 18855500 | H10: ='0626'!H10+'0627'!D8 -> 276 | I10: ='0626'!I10+'0627'!D7 -> 2919
B11: 비고 | C11: 단체 명 무료 명

Sheet 0628
A1: 기획전시 판매현황 | H1: 팀 장
H3: 46201
A4: 1 | B4: 전시명 : | C4: 어린이미술전 <우리 SUM 타볼래> | F4: 전시일: | G4: 2026. 2. 27(금) ~ 6. 28(일)
H5: 목표 매출액: | I5: 31500000
B6: 판매현황 | C6: 구분 | D6: 판매매수 | E6: 금액 | F6: 점유율
C7: 유료 | D7: 46 | E7: 232000 | F7: =G10/I5 -> 0.60595238
C8: 무료 | D8: 3
F9: 누계 총인원 | G9: 누계 총 금액 | H9: 누계 무료인원 | I9: 누계 유료인원
C10: 합계 | D10: =SUM(D7:D9) -> 49 | E10: =SUM(E7:E9) -> 232000 | F10: ='0627'!F10+'0628'!D10 -> 3827 | G10: ='0627'!G10+'0628'!E10 -> 19087500 | H10: ='0627'!H10+'0628'!D8 -> 279 | I10: ='0627'!I10+'0628'!D7 -> 2965
B11: 비고 | C11: 단체 명 무료 3명 | F11: 전시패키지 1명

Sheet 0721
A1: 기획전시 판매현황 | H1: 팀 장
H3: 46224
A4: 1 | B4: 전시명 : | C4: 숨 쉬는 SUM | F4: 전시일: | G4: 2026. 7. 21(화) ~ 11. 1(일)
H5: 목표 매출액: | I5: 20030000
B6: 판매현황 | C6: 구분 | D6: 판매매수 | E6: 금액 | F6: 점유율
C7: 일반권 | D7: 24 | E7: 120000 | F7: =G10/I5 -> 0.0059910135
C8: 할인권 | D8: 0
C9: 무료 | D9: 1 | F9: 누계 총인원 | G9: 누계 총 금액 | H9: 누계 무료인원 | I9: 누계 유료인원
C10: 합계 | D10: =SUM(D7:D9) -> 25 | E10: =SUM(E7:E9) -> 120000 | F10: ='0721'!D10 -> 25 | G10: ='0721'!E10 -> 120000 | H10: ='0721'!D9 -> 1 | I10: ='0721'!D7+D8 -> 24
B11: 비고 | C11: 단체 명 무료 1명

Sheet 0722
A1: 기획전시 판매현황 | H1: 팀 장
H3: 46225
A4: 1 | B4: 전시명 : | C4: 숨 쉬는 SUM | F4: 전시일: | G4: 2026. 7. 21(화) ~ 11. 1(일)
H5: 목표 매출액: | I5: 20030000
B6: 판매현황 | C6: 구분 | D6: 판매매수 | E6: 금액 | F6: 점유율
C7: 일반권 | D7: 20 | E7: 100000 | F7: =G10/I5 -> 0.010983525
C8: 할인권 | D8: 0
C9: 무료 | D9: 0 | F9: 누계 총인원 | G9: 누계 총 금액 | H9: 누계 무료인원 | I9: 누계 유료인원
C10: 합계 | D10: =SUM(D7:D9) -> 20 | E10: =SUM(E7:E9) -> 100000 | F10: ='0721'!F10+'0722'!D10 -> 45 | G10: ='0721'!G10+'0722'!E10 -> 220000 | H10: ='0721'!H10+'0722'!D9 -> 1 | I10: ='0721'!I10+'0722'!D7+D8 -> 44
B11: 비고 | C11: 단체 명 무료 명

Sheet 0723
A1: 기획전시 판매현황 | H1: 팀 장
H3: 46226
A4: 1 | B4: 전시명 : | C4: 숨 쉬는 SUM | F4: 전시일: | G4: 2026. 7. 21(화) ~ 11. 1(일)
H5: 목표 매출액: | I5: 20030000
B6: 판매현황 | C6: 구분 | D6: 판매매수 | E6: 금액 | F6: 점유율
C7: 일반권 | D7: 21 | E7: 105000 | F7: =G10/I5 -> 0.016225662
C8: 할인권 | D8: 0
C9: 무료 | D9: 0 | F9: 누계 총인원 | G9: 누계 총 금액 | H9: 누계 무료인원 | I9: 누계 유료인원
C10: 합계 | D10: =SUM(D7:D9) -> 21 | E10: =SUM(E7:E9) -> 105000 | F10: ='0722'!F10+'0723'!D10 -> 66 | G10: ='0722'!G10+'0723'!E10 -> 325000 | H10: ='0722'!H10+'0723'!D9 -> 1 | I10: ='0722'!I10+'0723'!D7+D8 -> 65
B11: 비고 | C11: 단체 17명 무료 명

Sheet 0724
A1: 기획전시 판매현황 | H1: 팀 장
H3: 46227
A4: 1 | B4: 전시명 : | C4: 숨 쉬는 SUM | F4: 전시일: | G4: 2026. 7. 21(화) ~ 11. 1(일)
H5: 목표 매출액: | I5: 20030000
B6: 판매현황 | C6: 구분 | D6: 판매매수 | E6: 금액 | F6: 점유율
C7: 일반권 | D7: 3 | E7: 15000 | F7: =G10/I5 -> 0.016974538
C8: 할인권 | D8: 0
C9: 무료 | D9: 0 | F9: 누계 총인원 | G9: 누계 총 금액 | H9: 누계 무료인원 | I9: 누계 유료인원
C10: 합계 | D10: =SUM(D7:D9) -> 3 | E10: =SUM(E7:E9) -> 15000 | F10: ='0723'!F10+'0724'!D10 -> 69 | G10: ='0723'!G10+'0724'!E10 -> 340000 | H10: ='0723'!H10+'0724'!D9 -> 1 | I10: ='0723'!I10+'0724'!D7+D8 -> 68
B11: 비고 | C11: 단체 명 무료 명

Sheet 0725
A1: 기획전시 판매현황 | H1: 팀 장
H3: 46228
A4: 1 | B4: 전시명 : | C4: 숨 쉬는 SUM | F4: 전시일: | G4: 2026. 7. 21(화) ~ 11. 1(일)
H5: 목표 매출액: | I5: 20030000
B6: 판매현황 | C6: 구분 | D6: 판매매수 | E6: 금액 | F6: 점유율
C7: 일반권 | D7: 24 | E7: 120000 | F7: =G10/I5 -> 0.022965552
C8: 할인권
C9: 무료 | F9: 누계 총인원 | G9: 누계 총 금액 | H9: 누계 무료인원 | I9: 누계 유료인원
C10: 합계 | D10: =SUM(D7:D9) -> 24 | E10: =SUM(E7:E9) -> 120000 | F10: ='0724'!F10+'0725'!D10 -> 93 | G10: ='0724'!G10+'0725'!E10 -> 460000 | H10: ='0724'!H10+'0725'!D9 -> 1 | I10: ='0724'!I10+'0725'!D7+D8 -> 92
B11: 비고 | C11: 단체 명 무료 명

Sheet 0726
A1: 기획전시 판매현황 | H1: 팀 장
H3: 46229
A4: 1 | B4: 전시명 : | C4: 숨 쉬는 SUM | F4: 전시일: | G4: 2026. 7. 21(화) ~ 11. 1(일)
H5: 목표 매출액: | I5: 20030000
B6: 판매현황 | C6: 구분 | D6: 판매매수 | E6: 금액 | F6: 점유율
C7: 일반권 | D7: 5 | E7: 25000 | F7: =G10/I5 -> 0.024213679
C8: 할인권
C9: 무료 | F9: 누계 총인원 | G9: 누계 총 금액 | H9: 누계 무료인원 | I9: 누계 유료인원
C10: 합계 | D10: =SUM(D7:D9) -> 5 | E10: =SUM(E7:E9) -> 25000 | F10: ='0725'!F10+'0726'!D10 -> 98 | G10: ='0725'!G10+'0726'!E10 -> 485000 | H10: ='0725'!H10+'0726'!D9 -> 1 | I10: ='0725'!I10+'0726'!D7+D8 -> 97
B11: 비고 | C11: 단체 명 무료 명

Sheet 0728
A1: 기획전시 판매현황 | H1: 팀 장
H3: 46231
A4: 1 | B4: 전시명 : | C4: 숨 쉬는 SUM | F4: 전시일: | G4: 2026. 7. 21(화) ~ 11. 1(일)
H5: 목표 매출액: | I5: 20030000
B6: 판매현황 | C6: 구분 | D6: 판매매수 | E6: 금액 | F6: 점유율
C7: 일반권 | D7: 13 | E7: 65000 | F7: =G10/I5 -> 0.027458812
C8: 할인권
C9: 무료 | D9: 2 | F9: 누계 총인원 | G9: 누계 총 금액 | H9: 누계 무료인원 | I9: 누계 유료인원
C10: 합계 | D10: =SUM(D7:D9) -> 15 | E10: =SUM(E7:E9) -> 65000 | F10: ='0726'!F10+'0728'!D10 -> 113 | G10: ='0726'!G10+'0728'!E10 -> 550000 | H10: ='0726'!H10+'0728'!D9 -> 3 | I10: ='0726'!I10+'0728'!D7+D8 -> 110
B11: 비고 | C11: 단체 명 무료 2명

Sheet 0729
A1: 기획전시 판매현황 | H1: 팀 장
H3: 46232
A4: 1 | B4: 전시명 : | C4: 숨 쉬는 SUM | F4: 전시일: | G4: 2026. 7. 21(화) ~ 11. 1(일)
H5: 목표 매출액: | I5: 20030000
B6: 판매현황 | C6: 구분 | D6: 판매매수 | E6: 금액 | F6: 점유율
C7: 일반권 | D7: 14 | E7: 70000 | F7: =G10/I5 -> 0.03095357
C8: 할인권
C9: 무료 | D9: 6 | F9: 누계 총인원 | G9: 누계 총 금액 | H9: 누계 무료인원 | I9: 누계 유료인원
C10: 합계 | D10: =SUM(D7:D9) -> 20 | E10: =SUM(E7:E9) -> 70000 | F10: ='0728'!F10+'0729'!D10 -> 133 | G10: ='0728'!G10+'0729'!E10 -> 620000 | H10: ='0728'!H10+'0729'!D9 -> 9 | I10: ='0728'!I10+'0729'!D7+D8 -> 124
B11: 비고 | C11: 단체 명 무료 6명

Sheet 0730
A1: 기획전시 판매현황 | H1: 팀 장
H3: 46233
A4: 1 | B4: 전시명 : | C4: 숨 쉬는 SUM | F4: 전시일: | G4: 2026. 7. 21(화) ~ 11. 1(일)
H5: 목표 매출액: | I5: 20030000
B6: 판매현황 | C6: 구분 | D6: 판매매수 | E6: 금액 | F6: 점유율
C7: 일반권 | D7: 30 | E7: 150000 | F7: =G10/I5 -> 0.038442336
C8: 할인권
C9: 무료 | D9: 0 | F9: 누계 총인원 | G9: 누계 총 금액 | H9: 누계 무료인원 | I9: 누계 유료인원
C10: 합계 | D10: =SUM(D7:D9) -> 30 | E10: =SUM(E7:E9) -> 150000 | F10: ='0729'!F10+'0730'!D10 -> 163 | G10: ='0729'!G10+'0730'!E10 -> 770000 | H10: ='0729'!H10+'0730'!D9 -> 9 | I10: ='0729'!I10+'0730'!D7+D8 -> 154
B11: 비고 | C11: 단체 명 무료 명

Sheet 0731
A1: 기획전시 판매현황 | H1: 팀 장
H3: 46234
A4: 1 | B4: 전시명 : | C4: 숨 쉬는 SUM | F4: 전시일: | G4: 2026. 7. 21(화) ~ 11. 1(일)
H5: 목표 매출액: | I5: 20030000
B6: 판매현황 | C6: 구분 | D6: 판매매수 | E6: 금액 | F6: 점유율
C7: 일반권 | D7: 17 | E7: 85000 | F7: =G10/I5 -> 0.042685971
C8: 할인권
C9: 무료 | D9: 0 | F9: 누계 총인원 | G9: 누계 총 금액 | H9: 누계 무료인원 | I9: 누계 유료인원
C10: 합계 | D10: =SUM(D7:D9) -> 17 | E10: =SUM(E7:E9) -> 85000 | F10: ='0730'!F10+'0731'!D10 -> 180 | G10: ='0730'!G10+'0731'!E10 -> 855000 | H10: ='0730'!H10+'0731'!D9 -> 9 | I10: ='0730'!I10+'0731'!D7+D8 -> 171
B11: 비고 | C11: 단체 명 무료 명

Sheet 0801
A1: 기획전시 판매현황 | H1: 팀 장
H3: 46235
A4: 1 | B4: 전시명 : | C4: 숨 쉬는 SUM | F4: 전시일: | G4: 2026. 7. 21(화) ~ 11. 1(일)
H5: 목표 매출액: | I5: 20030000
B6: 판매현황 | C6: 구분 | D6: 판매매수 | E6: 금액 | F6: 점유율
C7: 일반권 | D7: 25 | E7: 125000 | F7: =G10/I5 -> 0.04892661
C8: 할인권
C9: 무료 | D9: 3 | F9: 누계 총인원 | G9: 누계 총 금액 | H9: 누계 무료인원 | I9: 누계 유료인원
C10: 합계 | D10: =SUM(D7:D9) -> 28 | E10: =SUM(E7:E9) -> 125000 | F10: ='0731'!F10+'0801'!D10 -> 208 | G10: ='0731'!G10+'0801'!E10 -> 980000 | H10: ='0731'!H10+'0801'!D9 -> 12 | I10: ='0731'!I10+'0801'!D7+D8 -> 196
B11: 비고 | C11: 단체 명 무료 3명

Sheet 0802
A1: 기획전시 판매현황 | H1: 팀 장
H3: 46236
A4: 1 | B4: 전시명 : | C4: 숨 쉬는 SUM | F4: 전시일: | G4: 2026. 7. 21(화) ~ 11. 1(일)
H5: 목표 매출액: | I5: 20030000
B6: 판매현황 | C6: 구분 | D6: 판매매수 | E6: 금액 | F6: 점유율
C7: 일반권 | D7: 29 | E7: 145000 | F7: =G10/I5 -> 0.056165751
C8: 할인권
C9: 무료 | D9: 3 | F9: 누계 총인원 | G9: 누계 총 금액 | H9: 누계 무료인원 | I9: 누계 유료인원
C10: 합계 | D10: =SUM(D7:D9) -> 32 | E10: =SUM(E7:E9) -> 145000 | F10: ='0801'!F10+'0802'!D10 -> 240 | G10: ='0801'!G10+'0802'!E10 -> 1125000 | H10: ='0801'!H10+'0802'!D9 -> 15 | I10: ='0801'!I10+'0802'!D7+D8 -> 225
B11: 비고 | C11: 단체 명 무료 3명

Sheet 0804
A1: 기획전시 판매현황 | H1: 팀 장
H3: 46238
A4: 1 | B4: 전시명 : | C4: 숨 쉬는 SUM | F4: 전시일: | G4: 2026. 7. 21(화) ~ 11. 1(일)
H5: 목표 매출액: | I5: 20030000
B6: 판매현황 | C6: 구분 | D6: 판매매수 | E6: 금액 | F6: 점유율
C7: 일반권 | D7: 12 | E7: 60000 | F7: =G10/I5 -> 0.059161258
C8: 할인권
C9: 무료 | D9: 0 | F9: 누계 총인원 | G9: 누계 총 금액 | H9: 누계 무료인원 | I9: 누계 유료인원
C10: 합계 | D10: =SUM(D7:D9) -> 12 | E10: =SUM(E7:E9) -> 60000 | F10: ='0802'!F10+'0804'!D10 -> 252 | G10: ='0802'!G10+'0804'!E10 -> 1185000 | H10: ='0802'!H10+'0804'!D9 -> 15 | I10: ='0802'!I10+'0804'!D7+D8 -> 237
B11: 비고 | C11: 단체 명 무료 명

Sheet 0805
A1: 기획전시 판매현황 | H1: 팀 장
H3: 46239
A4: 1 | B4: 전시명 : | C4: 숨 쉬는 SUM | F4: 전시일: | G4: 2026. 7. 21(화) ~ 11. 1(일)
H5: 목표 매출액: | I5: 20030000
B6: 판매현황 | C6: 구분 | D6: 판매매수 | E6: 금액 | F6: 점유율
C7: 일반권 | F7: =G10/I5 -> 0.059161258
C8: 할인권
C9: 무료 | F9: 누계 총인원 | G9: 누계 총 금액 | H9: 누계 무료인원 | I9: 누계 유료인원
C10: 합계 | D10: =SUM(D7:D9) -> 0 | E10: =SUM(E7:E9) -> 0 | F10: ='0804'!F10+'0805'!D10 -> 252 | G10: ='0804'!G10+'0805'!E10 -> 1185000 | H10: ='0804'!H10+'0805'!D9 -> 15 | I10: ='0804'!I10+'0805'!D7+D8 -> 237
B11: 비고 | C11: 단체 명 무료 명
